distrito_id,distrito_nombre,seccion_id,seccion_nombre,anio,Cambiemos/Macrismo,Conservadurismo/Nacionalismo,Izquierda,Kirchnerismo,Liberalismo,Peronismo Federal/Tercera Via
1,Ciudad Autónoma Bs.As.,1,COMUNA 01,2019,0.520979380221135,0.00821945957053324,0.0272980897659825,0.374103960356914,0.0175611915055047,0.0518379185799303
1,Ciudad Autónoma Bs.As.,2,COMUNA 02,2019,0.710728498783993,0.00648537106640136,0.0192718697029995,0.206868597538507,0.013505048271796,0.0431406146363033
1,Ciudad Autónoma Bs.As.,3,COMUNA 03,2019,0.474089641788768,0.00845741209969238,0.0346177639551537,0.397472945603078,0.0204062608577748,0.0649559756955332
1,Ciudad Autónoma Bs.As.,4,COMUNA 04,2019,0.412682629428287,0.00885476015938568,0.032254552580582,0.462131384318365,0.0187474143374535,0.0653292591759267
1,Ciudad Autónoma Bs.As.,5,COMUNA 05,2019,0.474875056064586,0.00630326135708336,0.0356490677260204,0.394021913244057,0.0197587620939322,0.0693919395143205
1,Ciudad Autónoma Bs.As.,6,COMUNA 06,2019,0.544870200528525,0.00497435100264262,0.0312606870822322,0.332457640292243,0.0186382714130266,0.0677988496813306
1,Ciudad Autónoma Bs.As.,7,COMUNA 07,2019,0.480151173351302,0.00735358743737732,0.0297512671022178,0.39038467172531,0.0210719831248352,0.0712873172589576
1,Ciudad Autónoma Bs.As.,8,COMUNA 08,2019,0.358578733117064,0.0103072402296888,0.0288728534071405,0.515694503104753,0.0198686208786765,0.0666780492626774
1,Ciudad Autónoma Bs.As.,9,COMUNA 09,2019,0.442759357744472,0.00888911507502311,0.0289998897342596,0.415854517078467,0.0232406252915681,0.0802564950762106
1,Ciudad Autónoma Bs.As.,10,COMUNA 10,2019,0.484336984248588,0.00675180791864156,0.0313428689290555,0.373016340722157,0.0221580529200306,0.0823939452615273
1,Ciudad Autónoma Bs.As.,11,COMUNA 11,2019,0.52692569870484,0.00615649553331181,0.0289455745703728,0.340566139274567,0.0207584400674488,0.0766476518494601
1,Ciudad Autónoma Bs.As.,12,COMUNA 12,2019,0.545943625139051,0.00581573109724761,0.0302105763038232,0.328796976340253,0.0192686750671671,0.0699644160524587
1,Ciudad Autónoma Bs.As.,13,COMUNA 13,2019,0.665165732213927,0.00500827934811028,0.0239084333149348,0.237161200360224,0.0159544490602214,0.0528019057025826
1,Ciudad Autónoma Bs.As.,14,COMUNA 14,2019,0.66107990128601,0.00484269008023612,0.0228431117229064,0.248533551595421,0.0150923273435272,0.0476084179718988
1,Ciudad Autónoma Bs.As.,15,COMUNA 15,2019,0.470280382501411,0.00598334866534219,0.0355444924589708,0.401147195015422,0.0182824542552122,0.0687621271036418
2,Buenos Aires,1,ADOLFO ALSINA,2019,0.105697268915795,0.00107754398338623,0.00315426511500333,0.0774460248422867,0.00284079777438188,0.0132048117236785
2,Buenos Aires,2,ALBERTI,2019,0.467015022860875,0.00587851077726976,0.0147615937295885,0.453559764859569,0.0105813193990856,0.048203788373612
2,Buenos Aires,3,ALMIRANTE BROWN,2019,0.251973990421292,0.0157809070303528,0.0308953254915353,0.567768392468128,0.0142854388772146,0.0620247482077792
2,Buenos Aires,4,AVELLANEDA,2019,0.282757384319793,0.00945473535704682,0.0238511872980736,0.473718875564615,0.0132818376326527,0.0540315131863549
2,Buenos Aires,5,AYACUCHO,2019,0.219030385282364,0.0052778406092136,0.00757747116037096,0.227663424564578,0.00599411897760688,0.0315162482093041
2,Buenos Aires,6,AZUL,2019,0.468761996161229,0.00870921305182342,0.0214731285988484,0.42929462571977,0.0135796545105566,0.0581813819577735
2,Buenos Aires,7,BAHÍA BLANCA,2019,0.509433862740858,0.0237310307358782,0.0317750009230786,0.356661725998639,0.018899373889009,0.0594990057125375
2,Buenos Aires,8,BALCARCE,2019,0.511149564138562,0.019132194978615,0.0157693688987561,0.362956675046525,0.0142348754448399,0.076757321492703
2,Buenos Aires,9,BARADERO,2019,0.354174740558929,0.0165353313525384,0.014985144038238,0.551479137062395,0.0127459845842484,0.0500796624036516
2,Buenos Aires,10,ARRECIFES,2019,0.457191016806306,0.0118486936691289,0.01145208467602,0.440781319716425,0.0106092905656636,0.0681175945664568
2,Buenos Aires,11,BERAZATEGUI,2019,0.276935843986485,0.0174863172037699,0.0310604414060185,0.591017762936911,0.0147892750587817,0.0687103594080338
2,Buenos Aires,12,BERISSO,2019,0.319218448690774,0.0115384002422427,0.0299934658230672,0.555771590673658,0.0140086378631648,0.0694694567070936
2,Buenos Aires,13,BOLÍVAR,2019,0.458176809416479,0.00463310793889306,0.0224559646047249,0.436388680190333,0.0102679689456549,0.0680774689039152
2,Buenos Aires,14,BRAGADO,2019,0.447570773421606,0.00703424019861384,0.0138960725492224,0.458570394124341,0.00944795007068722,0.0634805696355298
2,Buenos Aires,15,BRANDSEN,2019,0.413076882318656,0.0139352514173687,0.016690510252742,0.488369628569915,0.0132464367085254,0.0546812907327929
2,Buenos Aires,16,CAMPANA,2019,0.395403700791193,0.0205742164304858,0.0268973375487474,0.48320521256279,0.0129351157901494,0.0609844168766349
2,Buenos Aires,17,CAÑUELAS,2019,0.360390474781837,0.0111817778435143,0.0260908149682,0.532998077207514,0.0122762904895725,0.0570625647093625
2,Buenos Aires,18,CAPITÁN SARMIENTO,2019,0.482062340717506,0.012742599490296,0.0104881395804744,0.380905704763772,0.00990001960399922,0.103901195843952
2,Buenos Aires,19,CARLOS CASARES,2019,0.503333333333333,0.007,0.0188,0.408266666666667,0.0123333333333333,0.0502666666666667
2,Buenos Aires,20,CARLOS TEJEDOR,2019,0.450495670724056,0.00790563433304053,0.0175680762956456,0.472079307315849,0.0096624419626051,0.0422888693688041
2,Buenos Aires,21,CARMEN DE ARECO,2019,0.477510663047693,0.00707638619620008,0.00940286932919736,0.427588212485459,0.00775494377665762,0.0706669251647926
2,Buenos Aires,22,PATAGONES,2019,0.398370456079452,0.039581525407386,0.0174525118117829,0.477726352328609,0.0137402371998843,0.0531289171728859
2,Buenos Aires,23,CASTELLI,2019,0.454483695652174,0.00577445652173913,0.0120584239130435,0.475203804347826,0.0173233695652174,0.03515625
2,Buenos Aires,24,COLÓN,2019,0.0254382606089866,0.000844889872975178,0.00127773985715951,0.0387192634891038,0.000973912464414737,0.0031131902708642
2,Buenos Aires,25,CORONEL DORREGO,2019,0.520456443083774,0.00593747100844234,0.0138231746915298,0.388626032099453,0.0100194823267465,0.0611373967900547
2,Buenos Aires,26,CORONEL PRINGLES,2019,0.469283826468124,0.0202410881196416,0.0264294462708696,0.417520789015664,0.0119899439180043,0.0545349062076968
2,Buenos Aires,27,CORONEL ROSALES,2019,0.632106399424292,0.0174311682081079,0.0199365654734934,0.244196273887897,0.0201497907726752,0.066179802233535
2,Buenos Aires,28,CORONEL SUÁREZ,2019,0.441342241797619,0.00895823224217088,0.0239259452801314,0.433018551005935,0.0192601993206674,0.0734948303534769
2,Buenos Aires,29,CHACABUCO,2019,0.207535348645147,0.00314684816813567,0.00979652280396987,0.223739480841248,0.00548206581326802,0.0250323940252602
2,Buenos Aires,30,CHASCOMÚS,2019,0.493463802461586,0.00703310144484367,0.0217491017506307,0.392898096475805,0.0132252885864995,0.071630609280636
2,Buenos Aires,31,CHIVILCOY,2019,0.354784352203404,0.00509790537946333,0.0147391322895781,0.493089032037882,0.0116036005289877,0.120685977560684
2,Buenos Aires,32,DAIREAUX,2019,0.438356164383562,0.00498900727211229,0.0136140706916963,0.486808726534754,0.0115000845594453,0.0447319465584306
2,Buenos Aires,33,DOLORES,2019,0.521052361659572,0.0107697830657982,0.0137955792604749,0.405866967536797,0.00994922816554695,0.0385660803118109
2,Buenos Aires,34,ENSENADA,2019,0.271366409686421,0.0115168140755806,0.0316180296079081,0.61462422551199,0.0139289599394599,0.0569455611786407
2,Buenos Aires,35,ESCOBAR,2019,0.328271389230426,0.0254391452217117,0.0265680162787521,0.54661806049886,0.0156531993068588,0.0574501894633908
2,Buenos Aires,36,ESTEBAN ECHEVERRÍA,2019,0.289519245101299,0.0162697639221711,0.030401183255558,0.582254606326748,0.015071603013174,0.0664835983810496
2,Buenos Aires,37,EXALTACIÓN DE LA CRUZ,2019,0.419590167743135,0.0157985223734957,0.0227684587147437,0.470052506853771,0.014636866316621,0.0571534779982343
2,Buenos Aires,38,FLORENCIO VARELA,2019,0.208833681251679,0.0177293677531364,0.0278568918835128,0.679325382882417,0.0106979724283323,0.0555567038009218
2,Buenos Aires,39,GENERAL ALVARADO,2019,0.419412976313079,0.0144549065764308,0.0195306752979256,0.455347947623952,0.013020450198617,0.0782330439899956
2,Buenos Aires,40,GENERAL ALVEAR,2019,0.0772691513423149,0.000786704690726719,0.00186842364047596,0.077637919166093,0.00177008555413512,0.00624446848264333
2,Buenos Aires,41,GENERAL ARENALES,2019,0.514916223947691,0.00245198201879853,0.00923579893747446,0.422067838169187,0.00800980792807519,0.043318348998774
2,Buenos Aires,42,GENERAL BELGRANO,2019,0.0323022451277785,0.000405807099595207,0.000999299982753198,0.0272550193265631,0.000710162424291613,0.00329718268421106
2,Buenos Aires,43,GENERAL GUIDO,2019,0.456862745098039,0.00294117647058824,0.0117647058823529,0.483823529411765,0.00882352941176471,0.0357843137254902
2,Buenos Aires,44,GENERAL LAMADRID,2019,0.396501457725948,0.0106122448979592,0.0171428571428571,0.378425655976676,0.0108454810495627,0.0388338192419825
2,Buenos Aires,45,LAS HERAS,2019,0.029137589258738,0.000456886832079351,0.00138539878114384,0.0397565235333564,0.000795867384912418,0.00476783516702161
2,Buenos Aires,46,GENERAL LAVALLE,2019,0.487157034442499,0.0125510799766492,0.0140105078809107,0.4430823117338,0.010507880910683,0.0326911850554583
2,Buenos Aires,47,GENERAL MADARIAGA,2019,0.477740719257541,0.00978828306264501,0.0241444315545244,0.420098607888631,0.0116009280742459,0.056627030162413
2,Buenos Aires,48,GENERAL PAZ,2019,0.225038889208965,0.00633750072017054,0.00812352365040042,0.254767528950856,0.00685602350636631,0.0209137523765628
2,Buenos Aires,49,GENERAL PINTO,2019,0.416420403443402,0.00719516895798535,0.0190158036746756,0.501092123859694,0.0079660799177695,0.0483104201464731
2,Buenos Aires,50,GENERAL PUEYRREDÓN,2019,0.447815518727896,0.0127517099055122,0.0253777376712105,0.428397628126657,0.0156348581928416,0.0700225473758826
2,Buenos Aires,51,GENERAL RODRÍGUEZ,2019,0.303815136476427,0.0185070306038048,0.0227805348773091,0.589123242349049,0.0118210642404191,0.0539529914529915
2,Buenos Aires,52,GENERAL SAN MARTÍN,2019,0.258388871103868,0.0124588923488839,0.0216262623322953,0.374107272780187,0.0122115188731411,0.052571229009633
2,Buenos Aires,53,SAN MIGUEL,2019,0.357180417521165,0.014986590944944,0.0263132986275438,0.491481306199716,0.0134511226797076,0.0557921859388968
2,Buenos Aires,54,GENERAL VIAMONTE,2019,0.457645593273124,0.00552787293677982,0.0100436001245718,0.475319215197758,0.00747430706944877,0.0439894113983183
2,Buenos Aires,55,GENERAL VILLEGAS,2019,0.510493072534637,0.00830277098614507,0.0122249388753056,0.398329258353708,0.0121230643846781,0.0585268948655257
2,Buenos Aires,56,GONZALES CHAVES,2019,0.37322363500374,0.00548491647968088,0.0149588631264024,0.545873846920967,0.0149588631264024,0.0454998753428073
2,Buenos Aires,57,GUAMINI,2019,0.463615023474178,0.00586854460093897,0.0116066770996348,0.468701095461659,0.0121283255086072,0.0380803338549817
2,Buenos Aires,58,HIPÓLITO YRIGOYEN,2019,0.460761092689089,0.00884257066161377,0.00994789199431549,0.468182535922943,0.00994789199431549,0.042318016737723
2,Buenos Aires,59,JUÁREZ,2019,0.328540507111936,0.00556586270871985,0.0230364873222016,0.537646876932591,0.0130643166357452,0.0921459492888064
2,Buenos Aires,60,JUNÍN,2019,0.251176635875101,0.00474166695936216,0.00867549436268484,0.240165431491693,0.00664711460784658,0.0357995855431843
2,Buenos Aires,61,MATANZA,2019,0.235224184568036,0.0170673128552532,0.0286969386478807,0.644866224559799,0.0144091126740812,0.0597362266949501
2,Buenos Aires,62,LANÚS,2019,0.342252785754524,0.0111601929074896,0.0283762245641033,0.535675519709814,0.0149455214959948,0.0675897555680741
2,Buenos Aires,63,LA PLATA,2019,0.429573086157584,0.0127509780851532,0.0341277584871008,0.442295367367827,0.0147717163600884,0.0664810935422466
2,Buenos Aires,64,LAPRIDA,2019,0.379347678982271,0.00609013398294762,0.0152930031127351,0.54960075788334,0.0146163215590743,0.0350521044796319
2,Buenos Aires,65,LAS FLORES,2019,0.412860861334595,0.00727638428774255,0.0182796971131093,0.480182205395173,0.0131329862754378,0.0682678655939423
2,Buenos Aires,66,LEANDRO N. ALEM,2019,0.114256897918017,0.00165694114256898,0.00343395048387484,0.127344331580338,0.00208918665802176,0.0118867516749514
2,Buenos Aires,67,LINCOLN,2019,0.507635354002777,0.00808030470223899,0.017513259530844,0.404122023279821,0.010251664115616,0.052397394368704
2,Buenos Aires,68,LOBERIA,2019,0.457363667940257,0.00877040639110802,0.0185828412643279,0.461184439041334,0.00989927058006252,0.0441993747829107
2,Buenos Aires,69,LOBOS,2019,0.51290815505871,0.00957053241113077,0.0203876467749719,0.396573910246099,0.0128277304165996,0.0477320250924883
2,Buenos Aires,70,LOMAS DE ZAMORA,2019,0.293655211347862,0.0128077622161781,0.0287759156033102,0.586745878696906,0.0146148306236101,0.0634004015121337
2,Buenos Aires,71,LUJÁN,2019,0.201180914891591,0.00410780610139361,0.0102663407510873,0.196209644138281,0.00615853464969366,0.0315609028284816
2,Buenos Aires,72,MAGDALENA,2019,0.487692841046975,0.015947304558849,0.0216675333680014,0.411336453458138,0.0128271797538568,0.0505286878141792
2,Buenos Aires,73,MAIPÚ,2019,0.0284142329737262,0.000560240185022912,0.000811630011635758,0.0257279531122061,0.000646430982718745,0.00178127648571388
2,Buenos Aires,74,MAR CHIQUITA,2019,0.433130861040068,0.00836530264279625,0.0194479965899403,0.475756606990622,0.0125213128729753,0.0507779198635976
2,Buenos Aires,75,MARCOS PAZ,2019,0.27203190571148,0.0138992231911664,0.025119795232001,0.61358969016935,0.0121729813387303,0.0631864043572725
2,Buenos Aires,76,MERCEDES,2019,0.309790501387551,0.00533452197794297,0.0151695975383554,0.262268681610997,0.00685867111449811,0.0401742706371231
2,Buenos Aires,77,MERLO,2019,0.223612812043346,0.0183732657152815,0.0310932189027841,0.651003878658425,0.0128606464857052,0.0630561781944573
2,Buenos Aires,78,MONTE,2019,0.480813749561557,0.0131182041388986,0.0211153981059277,0.427709575587513,0.0139600140301649,0.0432830585759383
2,Buenos Aires,79,MORENO,2019,0.220494053064959,0.0186079793236763,0.0294979369955963,0.593607712325695,0.0119686295171609,0.0547879858028273
2,Buenos Aires,80,MORÓN,2019,0.40176623475176,0.0119282502703421,0.0311509931513346,0.461767942175258,0.0182599457418755,0.0751266339094307
2,Buenos Aires,81,NAVARRO,2019,0.499523850748853,0.00467491992035322,0.0110812916630595,0.438836464375379,0.0107350012985889,0.0351484719937668
2,Buenos Aires,82,NECOCHEA,2019,0.503693819767631,0.00997494060598171,0.0235948839782602,0.38184658443714,0.0128388713509292,0.0680508998600579
2,Buenos Aires,83,NUEVE DE JULIO,2019,0.280032493907392,0.0039642567018684,0.00778229082047116,0.21484971567831,0.00552396425670187,0.0347359870024371
2,Buenos Aires,84,OLAVARRÍA,2019,0.446928279269429,0.0100973285276529,0.0214500735701076,0.424668259560739,0.0122301866925849,0.0846258723794868
2,Buenos Aires,85,PEHUAJÓ,2019,0.431431993412681,0.00580133243506251,0.0160191631110113,0.487424208398832,0.0102178306759488,0.0491054719664646
2,Buenos Aires,86,PELLEGRINI,2019,0.122014537902388,0.00155763239875389,0.00230760355370947,0.0923618322372216,0.00374985577477789,0.0111918772354909
2,Buenos Aires,87,PERGAMINO,2019,0.523045688202854,0.0105545076242998,0.0174372561159988,0.37611772667713,0.0161701392388659,0.0566746821408516
2,Buenos Aires,88,PILA,2019,0.430323299888517,0.00817539947974731,0.0130063173541434,0.499070977331847,0.00929022668153103,0.040133779264214
2,Buenos Aires,89,PILAR,2019,0.357020693464774,0.020613792810402,0.0239918840826039,0.53262832497663,0.0139479051584941,0.0517973995070961
2,Buenos Aires,90,PINAMAR,2019,0.49063299976728,0.00901791947870607,0.0242611124040028,0.39911566208983,0.0196648824761461,0.0573074237840354
2,Buenos Aires,91,PUAN,2019,0.607994264205055,0.00743860906972576,0.0233912887614268,0.294228356336261,0.0163111668757842,0.0506363147517476
2,Buenos Aires,92,QUILMES,2019,0.328370748660188,0.0138468729121445,0.0277138179117574,0.552395316895249,0.0135486590411851,0.0641245845794754
2,Buenos Aires,93,RAMALLO,2019,0.402857263978973,0.010937301284497,0.0170418415363093,0.504048497180889,0.0123786510661749,0.0527364449531561
2,Buenos Aires,94,RAUCH,2019,0.421592853069759,0.00874358486979662,0.0218589621744915,0.491541532028132,0.0116897928150542,0.0445732750427675
2,Buenos Aires,95,RIVADAVIA,2019,0.0453317712909629,0.000512545152787269,0.000894920108041264,0.038546649744541,0.00135051579940773,0.00532884246151844
2,Buenos Aires,96,ROJAS,2019,0.513969988070572,0.00508570352232059,0.0165128398317323,0.396433728888052,0.0148803917875306,0.0531173478997928
2,Buenos Aires,97,ROQUE PÉREZ,2019,0.504296968250179,0.00501312962520888,0.0134877058963953,0.429577464788732,0.0121747433755073,0.0354499880639771
2,Buenos Aires,98,SAAVEDRA,2019,0.543890093998554,0.0134490238611714,0.0171366594360087,0.360231381055676,0.0167028199566161,0.048590021691974
2,Buenos Aires,99,SALADILLO,2019,0.538972192563019,0.00784550392275196,0.0118378905343299,0.38767930922427,0.0116521981337914,0.0420129056218374
2,Buenos Aires,100,SALLIQUELÓ,2019,0.516351423015733,0.00547993636202935,0.00972246773908432,0.421071239172706,0.013611454834718,0.0337634788757292
2,Buenos Aires,101,SALTO,2019,0.439696322225758,0.0153202709460381,0.0233213620039096,0.460062735827613,0.0119107150975133,0.0496885938991681
2,Buenos Aires,102,SAN ANDRÉS DE GILES,2019,0.451425284417743,0.0136776172823725,0.015467212066982,0.446951297456219,0.0131663044867698,0.0593122842899144
2,Buenos Aires,103,SAN ANTONIO DE ARECO,2019,0.493181818181818,0.0183612440191388,0.016866028708134,0.420155502392345,0.00921052631578947,0.0422248803827751
2,Buenos Aires,104,SAN CAYETANO,2019,0.582496918471562,0.0059869695368903,0.0109174150378588,0.340024652227505,0.0121500264131009,0.0484240183130833
2,Buenos Aires,105,SAN FERNANDO,2019,0.100171432086417,0.00332701272234688,0.0076195010015806,0.131743285130874,0.00421492930097965,0.0181167075411397
2,Buenos Aires,106,SAN ISIDRO,2019,0.578021427288115,0.0102644842226698,0.0244201110133991,0.317437803182888,0.015020850472327,0.0548353238206008
2,Buenos Aires,107,SAN NICOLÁS,2019,0.401426165554584,0.0226715555650302,0.0185465475708286,0.471540642520625,0.0158711547890597,0.0699439339998721
2,Buenos Aires,108,SAN PEDRO,2019,0.168708467906597,0.00537364962690723,0.00644095482050711,0.170898763782158,0.00501169395255596,0.0242881538404425
2,Buenos Aires,109,SAN VICENTE,2019,0.318783777204343,0.0150932372559521,0.0239787720921174,0.55345927260334,0.0122206533911096,0.0764642874531379
2,Buenos Aires,110,SUIPACHA,2019,0.446638765367512,0.00614700496991891,0.0108553492021972,0.483520795187026,0.0115092859011248,0.0413287993722208
2,Buenos Aires,111,TANDIL,2019,0.472597117265023,0.0104662111591299,0.0195562423042565,0.402605084622999,0.0171901784205316,0.0775851662280596
2,Buenos Aires,112,TAPALQUÉ,2019,0.419924154025671,0.0119603267211202,0.0150233372228705,0.500729288214702,0.00904317386231038,0.0433197199533256
2,Buenos Aires,113,TIGRE,2019,0.364783844785825,0.0173427577584393,0.0315990575574894,0.505048504429562,0.0154281635162514,0.0657976719524322
2,Buenos Aires,114,TORNQUIST,2019,0.522535620820006,0.01628380343123,0.0210332460986721,0.378016865367839,0.0165745856353591,0.0455558786468935
2,Buenos Aires,115,TRENQUE LAUQUÉN,2019,0.498780889621087,0.00869851729818781,0.014168039538715,0.412289950576606,0.0110378912685338,0.0550247116968699
2,Buenos Aires,116,TORDILLO,2019,0.464101091326824,0.0143595634692705,0.0080413555427915,0.48248133256749,0.00574382538770821,0.0252728317059161
2,Buenos Aires,117,TRES ARROYOS,2019,0.419106842989085,0.0115186817800168,0.0214630562552477,0.471898614609572,0.0156118807724601,0.0604009235936188
2,Buenos Aires,118,TRES DE FEBRERO,2019,0.376875988719995,0.0147236169383497,0.0302450879244331,0.485902285805993,0.0170942522410987,0.0751587683701309
2,Buenos Aires,119,LA COSTA,2019,0.411768183340887,0.0188779632293535,0.0302480934833586,0.462076575955229,0.018818846434272,0.0582103375568999
2,Buenos Aires,120,MONTE HERMOSO,2019,0.368188010899183,0.0122615803814714,0.0233310626702997,0.550238419618529,0.0107288828337875,0.0352520435967302
2,Buenos Aires,121,VEINTICINCO DE MAYO,2019,0.498834117406423,0.00838617304152178,0.0138678666393946,0.423031294743301,0.0120269993863776,0.0438535487829822
2,Buenos Aires,122,VICENTE LÓPEZ,2019,0.577906775931321,0.00697481379141296,0.0283337882932319,0.303721943365849,0.017843712918447,0.0652189656997376
2,Buenos Aires,123,VILLA GESELL,2019,0.397499755835531,0.0177751733567731,0.0295439007715597,0.491649575153824,0.0135755444867663,0.0499560503955464
2,Buenos Aires,124,VILLARINO,2019,0.538931121861322,0.0103662750518314,0.0174498963372495,0.37543192812716,0.0154342317438378,0.0423865468785994
2,Buenos Aires,125,ZÁRATE,2019,0.329468639184397,0.0146415115248227,0.0259862588652482,0.551169104609929,0.0144060283687943,0.0643284574468085
2,Buenos Aires,126,TRES LOMAS,2019,0.413656295677595,0.0137815827939027,0.0154520776780121,0.511589058258509,0.0100229693046565,0.0354980162873251
2,Buenos Aires,127,F. AMEGHINO,2019,0.531699070160609,0.00309946463792618,0.0125387433079741,0.420963651732883,0.00450831220061989,0.0271907579599887
2,Buenos Aires,128,PRESIDENTE PERÓN,2019,0.207230539237361,0.0212031246710042,0.0279830711894384,0.67767881582549,0.0129913882045775,0.0529130608721285
2,Buenos Aires,129,J. C. PAZ,2019,0.216266673069766,0.0207940643271343,0.0294922742607422,0.666922790630665,0.0117416829745597,0.0547825147371328
2,Buenos Aires,130,MALVINAS ARGENTINAS,2019,0.257701622726773,0.0191937479399443,0.0289625917769742,0.622124878785129,0.0136238350235742,0.0583933237476056
2,Buenos Aires,131,PUNTA INDIO,2019,0.458265582655827,0.0150406504065041,0.0177506775067751,0.44810298102981,0.012059620596206,0.0487804878048781
2,Buenos Aires,132,EZEIZA,2019,0.270762481637253,0.0172660133217958,0.0294810134224136,0.603133238081822,0.01440846799348,0.0649487855432355
2,Buenos Aires,133,ITUZAINGO,2019,0.30140147891708,0.0100365933281708,0.0272703806617167,0.428923913208521,0.0134453909108854,0.0642660836028485
2,Buenos Aires,134,HURLINGHAM,2019,0.317845865276236,0.0201251043253057,0.0324634538774597,0.540925634340879,0.0159865086944925,0.0726534334856268
2,Buenos Aires,135,LEZAMA,2019,0.47108843537415,0.00485908649173955,0.0123906705539359,0.436345966958212,0.0126336248785228,0.0626822157434402
3,Catamarca,1,CAPITAL,2019,0.0120523197824233,0.00041583855003838,0.00067992733690952,0.016288790112398,0.000608104026672599,0.0025528582730877
3,Catamarca,2,CAPAYAN,2019,0.232386613826508,0.00660501981505945,0.0114487010127697,0.704755614266843,0.011558784676354,0.0332452664024659
3,Catamarca,3,LA PAZ,2019,0.0519360600647876,0.0013926311646635,0.00136235657412734,0.141609397232902,0.00118070903091036,0.0125336804819715
3,Catamarca,4,ANCASTI,2019,0.349809885931559,0.00190114068441065,0.0109315589353612,0.619771863117871,0.00522813688212928,0.0123574144486692
3,Catamarca,5,EL ALTO,2019,0.199221284879948,0.00616482803374432,0.00551589876703439,0.762491888384166,0.00551589876703439,0.0210902011680727
3,Catamarca,6,SANTA ROSA,2019,0.078264056119778,0.00397864098000209,0.00329808397026489,0.300753847764632,0.00314103235263323,0.0190032457334311
3,Catamarca,7,PACLIN,2019,0.36669874879692,0.00288739172281039,0.00673724735322425,0.603785691369907,0.00481231953801732,0.015078601219121
3,Catamarca,8,VALLE VIEJO,2019,0.36415220293725,0.0076212728081887,0.0154650645304851,0.545672007120605,0.0137961726746773,0.053293279928794
3,Catamarca,9,FRAY MAMERTO ESQUIÚ,2019,0.359338881183541,0.0079750346740638,0.0174526121128063,0.558945908460472,0.0105177993527508,0.0457697642163662
3,Catamarca,10,AMBATO,2019,0.236204228984012,0.00335224342444559,0.00541516245487365,0.655234657039711,0.0074780814853017,0.0923156266116555
3,Catamarca,11,POMÁN,2019,0.314812128246047,0.00841433338169157,0.00870448280864645,0.643551428985928,0.00565791382562019,0.0188597127520673
3,Catamarca,12,ANDALGALÁ,2019,0.366224090170981,0.00831024930747923,0.0129907345496227,0.57885184831407,0.00773712866558411,0.0258859489922629
3,Catamarca,13,BELÉN,2019,0.396975657732973,0.00522498155888862,0.0108802557167445,0.559626260142611,0.00731497418244406,0.0199778706663388
3,Catamarca,15,TINOGASTA,2019,0.338531903726475,0.00449876284021894,0.0110219689585364,0.589712828972033,0.00847267001574567,0.0477618654869911
3,Catamarca,16,SANTA MARÍA,2019,0.0534722834229312,0.00114567727152551,0.00258878998854323,0.093890455627038,0.00185070943861814,0.0083171763461708
4,Córdoba,1,CAPITAL,2019,0.208478391865034,0.00431823840624443,0.00636649188433427,0.0766491000355065,0.00421621247324121,0.014312359944545
4,Córdoba,2,CALAMUCHITA,2019,0.557475018751059,0.016670295903801,0.0192833466405362,0.339212697490987,0.0135733468824853,0.0537852943311316
4,Córdoba,3,COLÓN,2019,0.493861021858924,0.00829074200476135,0.0125692976176603,0.192747265553465,0.00887758669485741,0.0329756771605041
4,Córdoba,4,CRUZ DEL EJE,2019,0.410596386360549,0.014264366254585,0.0111126205678576,0.517484037494906,0.00717293845944845,0.0393696508626545
4,Córdoba,5,GENERAL ROCA,2019,0.0518392279921529,0.00100021034466476,0.00078557293164657,0.0342475456211821,0.0010302595824873,0.00457177689728741
4,Córdoba,6,GENERAL SAN MARTÍN,2019,0.133840691481622,0.00658886528331539,0.00390559064055179,0.0969471202817147,0.00422572102092489,0.0144291493262711
4,Córdoba,7,ISCHILIN,2019,0.50797353263198,0.0126148426714905,0.0116151758937497,0.415147331841767,0.00809254058171086,0.0445565763793021
4,Córdoba,8,JUÁREZ CELMAN,2019,0.56345756950346,0.018307636275343,0.0141556391890251,0.335389097972563,0.0133300959087046,0.0553599611509045
4,Córdoba,9,MARCOS JUÁREZ,2019,0.584229023283058,0.0138673305022697,0.0115390247474008,0.314833797042027,0.0158002635817836,0.0597305608434617
4,Córdoba,10,MINAS,2019,0.147550776583035,0.0029868578255675,0.0043010752688172,0.24026284348865,0.0017921146953405,0.017921146953405
4,Córdoba,11,POCHO,2019,0.448037676609105,0.0244897959183673,0.0113029827315542,0.484458398744113,0.00345368916797488,0.0282574568288854
4,Córdoba,12,PUNILLA,2019,0.607916309800563,0.0161354459806681,0.0215266731922183,0.288793894530772,0.0155466169093356,0.0500810595864432
4,Córdoba,13,RÍO CUARTO,2019,0.570243263068025,0.0148446988371953,0.0143035798030327,0.319043782542297,0.0137023364317408,0.067862339317709
4,Córdoba,14,RÍO PRIMERO,2019,0.652212281662711,0.00955510924472035,0.00906822469721867,0.282514758687846,0.00982898180269004,0.0368206439048141
4,Córdoba,15,RÍO SECO,2019,0.493907942238267,0.00981498194945848,0.00609205776173285,0.452278880866426,0.00383574007220217,0.0340703971119134
4,Córdoba,16,RÍO SEGUNDO,2019,0.625688625210176,0.0130411603078479,0.0117425122688065,0.28588027832078,0.0123166514018564,0.0513307724905335
4,Córdoba,17,ROQUE SÁENZ PEÑA,2019,0.575199224185184,0.010667453725176,0.0139140700763166,0.335202597293081,0.0133659400430071,0.0516507146772357
4,Córdoba,18,SAN ALBERTO,2019,0.487454123286645,0.0176391281551944,0.0171897236162085,0.419556587521534,0.00966219758819564,0.0484982398322223
4,Córdoba,19,SAN JAVIER,2019,0.238209455144126,0.00790530663222583,0.00892717750748662,0.240877673540641,0.00483969400644346,0.0229637093912772
4,Córdoba,20,SAN JUSTO,2019,0.491484387053895,0.00993982695799756,0.00903189052541629,0.25799043402922,0.0136131122636695,0.0506308081227672
4,Córdoba,21,SANTA MARÍA,2019,0.534050850445052,0.00973825680796686,0.0129880144531594,0.229069357539438,0.0100687406362915,0.0428196880232661
4,Córdoba,22,SOBREMONTE,2019,0.428524374176548,0.0036231884057971,0.00428194993412385,0.535902503293808,0.0036231884057971,0.0240447957839262
4,Córdoba,23,TERCERO ARRIBA,2019,0.608503225806452,0.016,0.0139483870967742,0.287135483870968,0.0165161290322581,0.0578967741935484
4,Córdoba,24,TOTORAL,2019,0.611855670103093,0.0093519882179676,0.00846833578792342,0.326435935198822,0.00920471281296024,0.0346833578792342
4,Córdoba,25,TULUMBA,2019,0.497072072072072,0.00743243243243243,0.00934684684684685,0.445833333333333,0.00630630630630631,0.034009009009009
4,Córdoba,26,UNIÓN,2019,0.562753668435841,0.0133823404194931,0.0116793914795788,0.345925694661255,0.0134958703488207,0.0527630346550109
5,Corrientes,1,CAPITAL,2019,0.0424888287128232,0.00200331786860828,0.00111049887366317,0.032144798740035,0.00120368501463722,0.00339484846386514
5,Corrientes,2,GOYA,2019,0.341186996719356,0.0132816383338304,0.00962322298439209,0.592106571229745,0.00982204990555721,0.03397952082712
5,Corrientes,3,CURUZÚ CUATIÁ,2019,0.377407740774077,0.0166066606660666,0.0107110711071107,0.555805580558056,0.00972097209720972,0.0297479747974798
5,Corrientes,4,MERCEDES,2019,0.143255640070744,0.0047018562986182,0.00278948049520468,0.197621752196356,0.00251628395185989,0.00951874272075
5,Corrientes,5,ESQUINA,2019,0.331394313527631,0.0146613640410756,0.00682614115272749,0.611028669792841,0.00646999465780258,0.0296195168279219
5,Corrientes,6,LAVALLE,2019,0.103100036310821,0.00394880174291939,0.0017020697167756,0.279116739288308,0.0017020697167756,0.00753449527959332
5,Corrientes,7,SANTO TOMÉ,2019,0.413831599976497,0.0201539455902227,0.00769727951113462,0.521064692402609,0.00887243668840708,0.0283800458311299
5,Corrientes,8,PASO DE LOS LIBRES,2019,0.35220903995924,0.0274765266758862,0.00742412111507388,0.580537156998326,0.00797001237353519,0.0243831428779387
5,Corrientes,9,MONTE CASEROS,2019,0.39129763130793,0.0169412976313079,0.00937178166838311,0.536817713697219,0.00906282183316169,0.0365087538619979
5,Corrientes,10,SAN LUIS DEL PALMAR,2019,0.367934389322184,0.0137492964541288,0.00707566133311892,0.584626517648951,0.00836214521186781,0.0182519900297499
5,Corrientes,11,BELLA VISTA,2019,0.356815975592844,0.0117875468034947,0.00734988212453197,0.585355706559423,0.00993851985392687,0.0287523690657791
5,Corrientes,12,EMPEDRADO,2019,0.379482721147577,0.0116279069767442,0.0115192349489241,0.557704846772441,0.00543360139100196,0.0342316887633123
5,Corrientes,13,SAN ROQUE,2019,0.290371366156948,0.0057973449840363,0.00495715005881364,0.680977986892959,0.00428499411863552,0.013611157788607
5,Corrientes,14,GENERAL PAZ,2019,0.185458316529354,0.00443625050411938,0.0026502275738895,0.273837644754278,0.00345681857463847,0.00812352365040042
5,Corrientes,15,SALADAS,2019,0.317069230147831,0.0155909201066322,0.00581630180143792,0.631553437272801,0.00678568543501091,0.0231844252362873
5,Corrientes,16,SAN MARTÍN,2019,0.0144963519546989,0.000396384623761298,0.000187302624414679,0.0184863334422302,0.000178590874441904,0.000453010998584341
5,Corrientes,17,CONCEPCIÓN,2019,0.294663782224626,0.0125292951144763,0.00829277086713539,0.658103479358212,0.00477735712998017,0.0216333153055706
5,Corrientes,18,MBURUCUYA,2019,0.320640499902363,0.00898262058191759,0.0044913102909588,0.646943956258543,0.00683460261667643,0.0121070103495411
5,Corrientes,19,ITUZAINGO,2019,0.0661185259417847,0.00274829560120864,0.00119953233422919,0.0795183649918766,0.00126786012541946,0.00380358037625837
5,Corrientes,20,SAUCE,2019,0.340020060180542,0.0136409227683049,0.00421263791374122,0.613440320962889,0.00581745235707121,0.0228686058174524
5,Corrientes,21,SAN COSME,2019,0.542107001321004,0.0133751651254954,0.00701783355350066,0.404805151915456,0.00825627476882431,0.0244385733157199
5,Corrientes,22,GENERAL ALVEAR,2019,0.0402448618349887,0.00140131773035697,0.000368767823778149,0.0601583243190088,0.000737535647556299,0.0019667617268168
5,Corrientes,23,SAN MIGUEL,2019,0.00983330704106852,0.000557396014092654,0.000215596571488668,0.0295419887469107,0.000157753588894147,0.000489036125571857
5,Corrientes,24,ITATI,2019,0.399280575539568,0.0053100376841384,0.00513874614594039,0.567660157588215,0.0039397053785543,0.0186707776635834
5,Corrientes,25,BERÓN DE ASTRADA,2019,0.435774946921444,0.00583864118895966,0.00849256900212314,0.535031847133758,0.00424628450106157,0.0106157112526539
6,Chaco,1,SAN FERNANDO,2019,0.29965847305093,0.0285122850747107,0.00950231205988623,0.346710028375888,0.0117461735342022,0.0386778601210455
6,Chaco,2,PRIMERO DE MAYO,2019,0.342574924233921,0.0189695813222584,0.00774497698956112,0.581546750477046,0.00920417555281176,0.0399595914244023
6,Chaco,3,LIBERTAD,2019,0.294396302715194,0.0173310225303293,0.0125938763720393,0.628307336799538,0.0102830733679954,0.0370883882149047
6,Chaco,4,GENERAL DONOVAN,2019,0.255747999594855,0.0268408791654006,0.00901448394611567,0.667882102704345,0.00911577028258888,0.031398764306695
6,Chaco,5,SARGENTO CABRAL,2019,0.245569202868684,0.0154974857802325,0.00807847663012118,0.701755832165526,0.00560547358008408,0.0234935289753524
6,Chaco,6,PCIA. DE LA PLAZA,2019,0.29872029250457,0.0188909201706277,0.00572821450335162,0.640097501523461,0.00609384521633151,0.0304692260816575
6,Chaco,7,BERMEJO,2019,0.163650955785787,0.0114548372975339,0.00532613453961769,0.463847949803006,0.00518021304538159,0.0258281044797899
6,Chaco,8,LIB. GRAL. SAN MARTÍN,2019,0.291844517970348,0.0132094057030283,0.00808223675902306,0.651529310736746,0.00767812492107191,0.027656403909782
6,Chaco,9,TAPENAGA,2019,0.291666666666667,0.0472508591065292,0.00515463917525773,0.639604810996564,0.00257731958762887,0.013745704467354
6,Chaco,10,SAN LORENZO,2019,0.0165138771745899,0.0033816006242955,0.000488716174140608,0.0533173580949528,0.000378360909012084,0.0018129793556829
6,Chaco,11,MAYOR L. J. FONTANA,2019,0.367948817976125,0.0299602090972927,0.00902447270552131,0.545941587995111,0.00977867935814413,0.0373462328678058
6,Chaco,12,O'HIGGINS,2019,0.249147010829254,0.0140928645601543,0.00682391336596944,0.705310784750037,0.00511793502447708,0.0195074914701083
6,Chaco,13,COMANDANTE FERNÁNDEZ,2019,0.420653479112684,0.0228464892877457,0.00973266763572015,0.503602351008026,0.0112020476521519,0.0319629653036719
6,Chaco,14,QUITILIPI,2019,0.332969052704784,0.0170383984898912,0.00943817992151408,0.57980229496796,0.00938850529034822,0.051363568625503
6,Chaco,15,25 DE MAYO,2019,0.0951929441651609,0.00542068447322754,0.0022720360663363,0.228545360216112,0.00295185788146054,0.00873034331001664
6,Chaco,16,MAIPÚ,2019,0.0321635326734949,0.00229123870541422,0.000732621780414578,0.0652033384568974,0.000675161248617356,0.00193929294815624
6,Chaco,17,INDEPENDENCIA,2019,0.256467864923747,0.0213099128540305,0.00531045751633987,0.58973311546841,0.00456154684095861,0.0179738562091503
6,Chaco,18,GENERAL BELGRANO,2019,0.00964806379287606,0.000334790857166046,0.000233339082267244,0.0283506984954702,0.000228266493522304,0.000953646684048737
6,Chaco,19,9 DE JULIO,2019,0.385783185355694,0.0131535679052943,0.00553545982681136,0.553874821878768,0.00690562315027951,0.0347473418831525
6,Chaco,20,CHACABUCO,2019,0.134118384143303,0.0071480442552222,0.00206467413746458,0.149952298907859,0.00186532628970938,0.0089279357530365
6,Chaco,21,12 DE OCTUBRE,2019,0.30961145194274,0.0142467620995228,0.00402181322426721,0.636605316973415,0.00606680299931834,0.0294478527607362
6,Chaco,22,2 DE ABRIL,2019,0.384615384615385,0.0361274609295717,0.00588593464582911,0.547188958798458,0.00466815506393343,0.0215141059468236
6,Chaco,23,FRAY J. STA. MARÍA DE ORO,2019,0.362365161805833,0.052736715940871,0.0042615528033027,0.554001864429351,0.00812358503129578,0.0185111199893461
6,Chaco,24,ALMIRANTE BROWN,2019,0.0180805680024897,0.00146241913317929,0.000280916669650259,0.0364310363346434,0.000192785949759982,0.000823471413974778
6,Chaco,25,GENERAL GÜEMES,2019,0.160517470491675,0.017170848641184,0.00385627556736757,0.41262148570833,0.00342635295343808,0.0123244482659788
7,Chubut,1,RAWSON,2019,0.159612333019339,0.0274818715742491,0.0241754490222978,0.257426806678594,0.0131118936381396,0.0483445760129475
7,Chubut,2,BIEDMA,2019,0.293634304752279,0.0519961817058791,0.0450895614576899,0.497688434686582,0.029311022516705,0.0822804948808655
7,Chubut,3,TELSEN,2019,0.236714975845411,0.0579710144927536,0.0289855072463768,0.584541062801932,0,0.0917874396135266
7,Chubut,4,GASTRE,2019,0.13353115727003,0.0504451038575668,0.0267062314540059,0.697329376854599,0.0207715133531157,0.0712166172106825
7,Chubut,5,CUSHAMEN,2019,0.21463443677066,0.0532269587997142,0.036258633007859,0.634853536556323,0.0150035722791141,0.0460228625863301
7,Chubut,6,FUTALEUFÚ,2019,0.306379636571347,0.0530148870086752,0.0443397236799829,0.490735782371211,0.0217414587126486,0.0837885116561351
7,Chubut,7,LANGUIÑEO,2019,0.239907727797001,0.0184544405997693,0.0322952710495963,0.637831603229527,0.013840830449827,0.0576701268742791
7,Chubut,8,TEHUELCHES,2019,0.211124053581829,0.0337798485730926,0.0186371578334304,0.681712288875946,0.0093185789167152,0.0454280722189866
7,Chubut,9,PASO DE INDIOS,2019,0.341085271317829,0.0193798449612403,0.0717054263565892,0.467054263565892,0.0213178294573643,0.0794573643410853
7,Chubut,10,MÁRTIRES,2019,0.206982543640898,0.0399002493765586,0.0324189526184539,0.630922693266833,0.00748129675810474,0.0822942643391521
7,Chubut,11,F. AMEGUINO,2019,0.234993614303959,0.125159642401022,0.0319284802043423,0.564495530012771,0.0114942528735632,0.0319284802043423
7,Chubut,12,GAIMAN,2019,0.350321082115043,0.0378467003689029,0.0333378876895751,0.480530127066539,0.0198114496515917,0.0781527531083482
7,Chubut,13,RÍO SENGUER,2019,0.260384376937384,0.0306881587104774,0.0257284562926224,0.634841909485431,0.0102293862368258,0.0381277123372598
7,Chubut,14,SARMIENTO,2019,0.0886863000462127,0.0165525353946981,0.00625971516195438,0.157039028693862,0.00495735831617863,0.0178548922404739
7,Chubut,15,ESCALANTE,2019,0.302400629673357,0.0278717915081551,0.0348506712143076,0.541842669115396,0.0257378984651712,0.0672963400236128
8,Entre Ríos,1,PARANÁ,2019,0.468464986860411,0.0169634939102277,0.0190869816371195,0.399240100560568,0.0197012472439407,0.0765431897877326
8,Entre Ríos,3,LA PAZ,2019,0.245269595228725,0.0122309345766099,0.00681178287063668,0.37849293088311,0.00709939148073022,0.0288970966667676
8,Entre Ríos,4,DIAMANTE,2019,0.509648875082369,0.012017948476576,0.0125200037654147,0.379114499984311,0.0197370485424707,0.0669616241488594
8,Entre Ríos,5,VICTORIA,2019,0.454174986755777,0.0095358409063124,0.0150780390398957,0.428257060189902,0.0141000040751457,0.0788540690329679
8,Entre Ríos,6,NOGOYÁ,2019,0.442644368957408,0.0108626675127851,0.0149688304901265,0.446377244391355,0.0128037627384374,0.0723431259098884
8,Entre Ríos,7,GUALEGUAY,2019,0.471706515990759,0.0171180449244301,0.0160046761488574,0.41826481476327,0.0144181256436663,0.0624878225290172
8,Entre Ríos,8,TALA,2019,0.4417593040116,0.01503678642393,0.0143386499113904,0.452553568551635,0.0138016218248214,0.0625100692766232
8,Entre Ríos,9,URUGUAY,2019,0.461091585093096,0.01536584657391,0.0231649577366602,0.416838527899614,0.0157870276236675,0.0677520550730531
8,Entre Ríos,10,GUALEGUAYCHÚ,2019,0.485365883945313,0.0161801045560095,0.0176329612199029,0.397561187617191,0.016527796749078,0.0667320659125057
8,Entre Ríos,11,ISLAS DEL IBICUY,2019,0.359822202948829,0.0179965307892454,0.0166955767562879,0.550195143104944,0.00867302688638335,0.0466175195143105
8,Entre Ríos,12,VILLAGUAY,2019,0.423637240713941,0.0191670686605564,0.0163048721659431,0.47586428686284,0.0137642707830841,0.0512622608136356
8,Entre Ríos,13,CONCORDIA,2019,0.379859233093436,0.0203927026717524,0.0155477841104289,0.522925273737899,0.0147990239691335,0.0464759824173501
8,Entre Ríos,14,FEDERAL,2019,0.348577505982451,0.0119117256048923,0.00925285828237171,0.586812018080298,0.0112735974474874,0.0321722946024993
8,Entre Ríos,15,COLÓN,2019,0.0807806282984001,0.00318810661428072,0.00335042535834984,0.0776299798558277,0.00308405613731333,0.0122779562821516
8,Entre Ríos,16,FELICIANO,2019,0.340511307767945,0.0123893805309735,0.0079646017699115,0.602261553588987,0.00511307767944936,0.0317600786627335
8,Entre Ríos,17,FEDERACIÓN,2019,0.4774017622759,0.0193117763171283,0.0117417227976639,0.432225636433935,0.0152418550701044,0.0440772471052685
8,Entre Ríos,18,SAN SALVADOR,2019,0.482100961174601,0.0148338757284493,0.00862786649511845,0.439567093014455,0.0103685764020283,0.0445016271853478
9,Formosa,1,FORMOSA,2019,0.35200931400764,0.0202174140547329,0.013153419496625,0.555301920360002,0.0113612579142902,0.0479566741667103
9,Formosa,2,LAISHI,2019,0.229816054798738,0.00969752943892865,0.00554144539367352,0.72662202724544,0.00415608404525514,0.0241668590779651
9,Formosa,3,PILCOMAYO,2019,0.228901353894502,0.00866053973068279,0.00557271016425792,0.730609709305512,0.00652281156931173,0.019732875335733
9,Formosa,4,PIRANÉ,2019,0.255144132776861,0.0196059400174706,0.00698825584781132,0.689313792099389,0.0066000194118218,0.0223478598466466
9,Formosa,5,PILAGAS,2019,0.179824913661553,0.0118865954541804,0.00505983455144165,0.784033410971006,0.00465826038069231,0.014536984981126
9,Formosa,6,PATIÑO,2019,0.236947171059887,0.0117348626888717,0.00723502812396603,0.724230726811514,0.00348516598654461,0.0163670453292158
9,Formosa,7,BERMEJO,2019,0.0626368014008463,0.00291842988472202,0.00113089158032978,0.252699547643368,0.00145921494236101,0.00386691959725668
9,Formosa,8,MATACOS,2019,0.182140090738077,0.0127254619895983,0.00497952860462543,0.778466305189775,0.00542215336948102,0.0162664601084431
9,Formosa,9,RAMÓN LISTA,2019,0.25501141842172,0.0052017254503933,0.00304491245876681,0.727353463587922,0.00177619893428064,0.00761228114691703
10,Jujuy,1,GENERAL BELGRANO,2019,0.433848370177236,0.0198794752914202,0.0184287149103674,0.326755876594061,0.0204729681745782,0.0558644198480252
10,Jujuy,2,PALPALÁ,2019,0.415650773374802,0.026186443031296,0.0255755185915415,0.426425258948655,0.0280469856432757,0.0781150204104301
10,Jujuy,3,SAN ANTONIO,2019,0.483113909559244,0.0283342873497424,0.0137378362907842,0.406124785346308,0.0137378362907842,0.0549513451631368
10,Jujuy,4,EL CARMEN,2019,0.410006849642385,0.0300109912866177,0.019131210475174,0.462589801997547,0.016455071124775,0.0618060754735014
10,Jujuy,5,SAN PEDRO,2019,0.166648104837213,0.00915098192077811,0.00834354233953298,0.259058172773509,0.0072762371459331,0.0236848943831904
10,Jujuy,6,SANTA BÁRBARA,2019,0.331411600279525,0.0181691125087351,0.00987071977638015,0.603074772886094,0.00532844164919637,0.0321453529000699
10,Jujuy,7,LEDESMA,2019,0.341428130545483,0.0178226988658283,0.0187292647172286,0.561376437003318,0.0122675719466091,0.0483758969215338
10,Jujuy,8,VALLE GRANDE,2019,0.615883306320908,0,0.00162074554294976,0.376012965964344,0.00162074554294976,0.00486223662884927
10,Jujuy,9,TUMBAYA,2019,0.408950182943991,0.0109766394596116,0.0149169715733183,0.506895581198987,0.0104137348719392,0.0478468899521531
10,Jujuy,10,TILCARA,2019,0.314029561424764,0.0273806639205234,0.0203537678701236,0.572570874727405,0.0157499394233099,0.0499151926338745
10,Jujuy,11,HUMAHUACA,2019,0.264089002370965,0.0272660952033558,0.0374794820353821,0.578424220317345,0.0185117636330476,0.0742294364399052
10,Jujuy,12,COCHINOCA,2019,0.282035254406801,0.0397549693711714,0.0296287035879485,0.566070758844856,0.0177522190273784,0.0647580947618452
10,Jujuy,13,RINCONADA,2019,0.284629981024668,0.0246679316888046,0.0132827324478178,0.620493358633776,0.0104364326375712,0.0464895635673624
10,Jujuy,14,SANTA CATALINA,2019,0.262540021344717,0.0224119530416222,0.0112059765208111,0.663287086446105,0.012273212379936,0.028281750266809
10,Jujuy,15,YAVI,2019,0.271967526265521,0.0304043298312639,0.0249920407513531,0.582696593441579,0.0220471187519898,0.0678923909582935
10,Jujuy,16,SUSQUES,2019,0.339301310043668,0.0187772925764192,0.0519650655021834,0.532751091703057,0.011353711790393,0.0458515283842795
11,La Pampa,1,ATREUCO,2019,0.431651855723994,0.0105854678515421,0.0145060115002614,0.468374281233665,0.0138525875588082,0.0610297961317303
11,La Pampa,2,CAPITAL,2019,0.00875912892689345,0.000478822068246141,0.000660406129511793,0.0144722128504057,0.000476612120238851,0.00182099715800686
11,La Pampa,3,CALEU CALEU,2019,0.245801526717557,0.0145038167938931,0.0114503816793893,0.661068702290076,0.0175572519083969,0.049618320610687
11,La Pampa,4,CATRILÓ,2019,0.389679715302491,0.0134440490312376,0.0197706603400554,0.512060102807434,0.00652431791221827,0.0585211546065639
11,La Pampa,5,CHALILEO,2019,0.270161290322581,0.0295698924731183,0.0268817204301075,0.590725806451613,0.0147849462365591,0.0678763440860215
11,La Pampa,6,CHAPALEUFU,2019,0.427762736893921,0.0210435638690623,0.0124292394782181,0.474772335712528,0.00959881860694068,0.0543933054393306
11,La Pampa,7,CHICAL-CO,2019,0.22200956937799,0.0526315789473684,0.0296650717703349,0.614354066985646,0.0172248803827751,0.0641148325358852
11,La Pampa,8,CONHELO,2019,0.371248647053036,0.0147594214306799,0.0145626291449375,0.522089934074584,0.0150546098592935,0.0622847584374693
11,La Pampa,9,CURACO,2019,0.204301075268817,0.0261136712749616,0.0199692780337942,0.680491551459293,0.00614439324116743,0.0629800307219662
11,La Pampa,10,GUATRACHE,2019,0.528400471936626,0.0148322939490983,0.015843586718355,0.360020225855385,0.0165177818978594,0.0643856396426766
11,La Pampa,11,HUCAL,2019,0.484972170686456,0.00909090909090909,0.0163265306122449,0.394619666048237,0.0161410018552876,0.0788497217068646
11,La Pampa,12,LOVENTUE,2019,0.31843853820598,0.0144518272425249,0.018936877076412,0.588205980066445,0.00863787375415283,0.0513289036544851
11,La Pampa,13,LIHUEL CALEL,2019,0.394736842105263,0.0157894736842105,0.0263157894736842,0.478947368421053,0.00526315789473684,0.0789473684210526
11,La Pampa,14,LIMAY MAHUIDA,2019,0.40785498489426,0.00906344410876133,0.0120845921450151,0.528700906344411,0,0.0422960725075529
11,La Pampa,15,MARACO,2019,0.411322499026859,0.0291455819384975,0.0223092643051771,0.446890813546127,0.0182220708446866,0.0721097703386532
11,La Pampa,16,PUELEN,2019,0.286340946906671,0.0485554379065194,0.0242020874300408,0.548479806383301,0.0114959915292694,0.0809257298441991
11,La Pampa,17,QUEMU QUEMU,2019,0.450983899821109,0.0171735241502683,0.0252236135957066,0.428443649373882,0.0123434704830054,0.0658318425760286
11,La Pampa,18,RANCUL,2019,0.391192411924119,0.0131436314363144,0.012059620596206,0.526422764227642,0.00758807588075881,0.0495934959349594
11,La Pampa,19,REALICÓ,2019,0.443164362519201,0.021505376344086,0.0128861580474484,0.451783580815839,0.0108380269670592,0.0598224953063663
11,La Pampa,20,TOAY,2019,0.338702036949313,0.0155376598768356,0.0204642349597347,0.548839412600663,0.0118427285646613,0.064613927048792
11,La Pampa,21,TRENEL,2019,0.338544336237827,0.0233213736545361,0.0105074320861097,0.558431573552025,0.0151204510507432,0.0540748334187596
11,La Pampa,22,UTRACÁN,2019,0.437826961770624,0.0172032193158954,0.0208249496981891,0.441649899396378,0.0158953722334004,0.0665995975855131
12,La Rioja,1,CAPITAL,2019,0.0173392520651964,0.000468140652877573,0.000468877302213337,0.0131823398634841,0.000742174205781519,0.00174328065308384
12,La Rioja,2,SANAGASTA,2019,0.275742574257426,0.00247524752475248,0.00891089108910891,0.662871287128713,0.0133663366336634,0.0366336633663366
12,La Rioja,3,CASTRO BARROS,2019,0.346828179789608,0.00637551801083838,0.0066942939113803,0.592923175007969,0.0114759324195091,0.0357029008606949
12,La Rioja,4,ARAUCO,2019,0.360035603026257,0.00890075656430797,0.00445037828215398,0.594718884438511,0.00741729713692331,0.0244770805518469
12,La Rioja,5,SAN BLAS DE LOS SAUCES,2019,0.320392317123008,0.00163465467919902,0.00367797302819779,0.656722517368206,0.00490396403759706,0.0126685737637924
12,La Rioja,6,CHILECITO,2019,0.493810595567867,0.0126817867036011,0.0130713296398892,0.422177977839335,0.00900277008310249,0.049255540166205
12,La Rioja,7,FAMATINA,2019,0.37874339401057,0.00733998825601879,0.00704638872577804,0.549618320610687,0.0111567821491486,0.046095126247798
12,La Rioja,8,FELIPE VARELA,2019,0.297797208676644,0.00437195224482933,0.0080712964519926,0.653270556583151,0.00571716832016143,0.0307718177232218
12,La Rioja,9,GENERAL LAMADRID,2019,0.038600583090379,0.000932944606413994,0.000699708454810496,0.102857142857143,0.00174927113702624,0.00279883381924198
12,La Rioja,10,VINCHINA,2019,0.262962962962963,0.00679012345679012,0.00432098765432099,0.702469135802469,0.00308641975308642,0.0203703703703704
12,La Rioja,11,INDEPENDENCIA,2019,0.0253948801742919,0.00034041394335512,0.000476579520697168,0.0763208061002179,6.8082788671024e-05,0.00204248366013072
12,La Rioja,12,CHAMICAL,2019,0.421407624633431,0.0118768328445748,0.00791788856304985,0.509090909090909,0.0101173020527859,0.0395894428152493
12,La Rioja,13,ANGEL VICENTE PEÑALOZA,2019,0.255927051671733,0.00486322188449848,0.00060790273556231,0.710638297872341,0.00851063829787234,0.0194528875379939
12,La Rioja,14,GENERAL BELGRANO,2019,0.00900384502226866,0.000268847203481825,0.000116669541133622,0.0100690886587061,8.11614199190415e-05,0.000492041108259189
12,La Rioja,15,JUAN FACUNDO QUIROGA,2019,0.25994575045208,0.00904159132007233,0.00406871609403255,0.700723327305606,0.0027124773960217,0.0235081374321881
12,La Rioja,16,GENERAL ORTIZ DE OCAMPO,2019,0.191903019213175,0.00365965233302836,0.000686184812442818,0.782936870997255,0.00526075022872827,0.0155535224153705
12,La Rioja,17,ROSARIO VERA PEÑALOZA,2019,0.212027661150901,0.0118547789577674,0.0106199061496666,0.724376389231909,0.0114843171153371,0.0296369473944184
12,La Rioja,18,GENERAL SAN MARTÍN,2019,0.00319548325136055,2.61924856668898e-05,3.78335904077297e-05,0.0052501382381188,1.16411047408399e-05,0.000177526847297809
13,Mendoza,1,CAPITAL,2019,0.0178515916782198,0.000271823604896656,0.000600369208647085,0.00803610760384177,0.000362431473195541,0.00144235939942453
13,Mendoza,2,GODOY CRUZ,2019,0.578110103899042,0.0109877680288267,0.0243669914521628,0.309459175594228,0.0134034611469291,0.0636724998788114
13,Mendoza,3,GUAYMALLÉN,2019,0.549205099341788,0.0142122803418045,0.0240826896310796,0.335017217764519,0.0125986347782208,0.0648840781425886
13,Mendoza,4,LAS HERAS,2019,0.434727820723502,0.0168090139350484,0.02364020898888,0.372827024119203,0.0110684519642449,0.0646273793118695
13,Mendoza,5,LAVALLE,2019,0.202432824981845,0.0106209150326797,0.0152051561365287,0.330768881626725,0.00478848946986202,0.0390795206971678
13,Mendoza,6,MAIPÚ,2019,0.409643313748869,0.0109677790067947,0.0198238834700415,0.325786850157298,0.010464999353569,0.0623662246994096
13,Mendoza,7,LUJÁN,2019,0.307888638455922,0.00704739532078347,0.013713850353957,0.179207009301292,0.00601885654423669,0.0366401066632805
13,Mendoza,8,TUPUNGATO,2019,0.417560029105021,0.0346834829008004,0.0287654620422023,0.436963376182391,0.0120300751879699,0.0699975745816153
13,Mendoza,9,SAN MARTÍN,2019,0.152385930523794,0.00566699335729065,0.00793204835021235,0.142193183055646,0.00371556136338887,0.0221931830556463
13,Mendoza,10,JUNÍN,2019,0.125469776263566,0.0032137964946788,0.00616416704717081,0.0929893575919357,0.00290646622879421,0.0177461276386499
13,Mendoza,11,RIVADAVIA,2019,0.142414331738748,0.00375866445377331,0.00610172800937226,0.118340980832438,0.00283120179634873,0.0186712877086791
13,Mendoza,12,TUNUYÁN,2019,0.457666748707851,0.0283965050455329,0.0272889490524243,0.405396258921979,0.0120600541471819,0.0691914841250308
13,Mendoza,13,SAN CARLOS,2019,0.394888029077266,0.0172743971548052,0.0212607964982218,0.332239027631219,0.0093406808144761,0.0644467893852347
13,Mendoza,14,SANTA ROSA,2019,0.184169196942729,0.00696262171500367,0.00994660245000524,0.352319128887028,0.00528740446026594,0.0328761386242278
13,Mendoza,15,LA PAZ,2019,0.0455632587569253,0.00119584632617844,0.00133208198359117,0.0576579576761224,0.000756864763404075,0.00467742423783718
13,Mendoza,16,SAN RAFAEL,2019,0.425363116954636,0.0457079920148689,0.0162886349555999,0.429372891856543,0.0158067735939974,0.0674605906243547
13,Mendoza,17,MALARGUE,2019,0.412469466092823,0.0467023380248924,0.0217517738746074,0.424624869140398,0.016517389787135,0.0779341630801442
13,Mendoza,18,GENERAL ALVEAR,2019,0.283189104140033,0.0452846887599567,0.0101779919362769,0.337078375454814,0.0112842954076114,0.0425312223424132
14,Misiones,1,CAPITAL,2019,0.035614785436148,0.00227735142151222,0.00107440305621076,0.0355565901386227,0.00139226724459263,0.00357090765511257
14,Misiones,2,APÓSTOLES,2019,0.370709725873076,0.0286518963574916,0.00829891100262862,0.549004881712355,0.0108524220803605,0.0324821629740894
14,Misiones,3,CANDELARIA,2019,0.277408269593172,0.0181798026826294,0.00897904888593282,0.654971732623878,0.00875734397516905,0.0317038022392196
14,Misiones,4,LEANDRO N. ALEM,2019,0.24311408880244,0.0301371178829575,0.00458660519174891,0.430588574310208,0.00835674663208703,0.0225488077227865
14,Misiones,5,CONCEPCIÓN DE LA SIERRA,2019,0.305483480366719,0.013838436256703,0.00588133540909877,0.648330738626535,0.00605431586230756,0.0204116934786369
14,Misiones,6,SAN JAVIER,2019,0.0574234661292383,0.00380363048013739,0.000553513390766261,0.127421621084602,0.000808981109581459,0.00354816276132219
14,Misiones,7,SAN IGNACIO,2019,0.293983286908078,0.0255431754874652,0.00688022284122563,0.639025069637883,0.00818941504178273,0.0263788300835655
14,Misiones,8,OBERÁ,2019,0.328274042503842,0.0419529732393958,0.00650894436229741,0.580687715635963,0.0124090342408164,0.0301672900176858
14,Misiones,9,L. GENERAL SAN MARTÍN,2019,0.376913117094386,0.0219448225490522,0.00816705952657614,0.550048139172006,0.00919624182464062,0.0337306198333389
14,Misiones,10,CAINGUAS,2019,0.230914973620544,0.0381554784737809,0.0068207654414551,0.689363686711167,0.00836563966537441,0.0263794560876789
14,Misiones,11,25 DE MAYO,2019,0.0555664883625239,0.0117000912392436,0.00134175358248207,0.23165822852747,0.00198579530207346,0.00459774227597188
14,Misiones,12,MONTECARLO,2019,0.296318817531222,0.031292389728238,0.0110856447916179,0.608213667617756,0.00977594836054072,0.0433135319706254
14,Misiones,13,GUARANÍ,2019,0.21417914039563,0.0155219714106945,0.00404293208836694,0.743081291813063,0.0052461856860952,0.017928478606151
14,Misiones,14,EL DORADO,2019,0.305020829631385,0.0305435447886434,0.0138008647752177,0.604039566427768,0.011826492132125,0.0347687022448617
14,Misiones,15,SAN PEDRO,2019,0.0201674277016743,0.00390726510004826,0.000798158666518172,0.11706017745109,0.000668225860340795,0.00251512789100494
14,Misiones,16,IGUAZÚ,2019,0.331845122046323,0.0260274506745691,0.0122436247368011,0.581884114481791,0.0123606020432036,0.0356390860173126
14,Misiones,17,GRAL. MANUEL BELGRANO,2019,0.215491516753346,0.0271975445477023,0.0044760849177253,0.7304544291926,0.00537130190127036,0.0170091226873561
15,Neuquén,1,CONFLUENCIA,2019,0.380922859579712,0.0282884527955935,0.0399171898659032,0.463939643285203,0.0215854909431112,0.0653463635304771
15,Neuquén,2,ZAPALA,2019,0.387896601100309,0.0300700881754465,0.0341774059838722,0.460283367246967,0.0198959981912729,0.0676765393021328
15,Neuquén,3,AÑELO,2019,0.261163145284252,0.0249401001960357,0.0267915486822043,0.622086691352647,0.0152472228272707,0.0497712916575909
15,Neuquén,4,PEHUENCHES,2019,0.347473784556721,0.0627808797494212,0.0238322211630124,0.48685823233011,0.0183848563257524,0.060670025874983
15,Neuquén,5,CHOS MALAL,2019,0.302713987473904,0.0254697286012526,0.0298538622129436,0.571085594989562,0.0163883089770355,0.0544885177453027
15,Neuquén,6,MINAS,2019,0.110394265232975,0.0219832735961768,0.0181600955794504,0.397849462365591,0.00800477897252091,0.0287933094384707
15,Neuquén,7,ÑORQUÍN,2019,0.2,0.0200308166409861,0.02557781201849,0.686594761171032,0.0157164869029276,0.0520801232665639
15,Neuquén,8,LONCOPUÉ,2019,0.25844930417495,0.0188866799204771,0.0253479125248509,0.621272365805169,0.0144135188866799,0.0616302186878728
15,Neuquén,9,PICUNCHES,2019,0.373539982030548,0.0303234501347709,0.0172955974842767,0.525381850853549,0.0125786163522013,0.0408805031446541
15,Neuquén,10,ALUMINÉ,2019,0.305524025728339,0.0283768444948922,0.0378357926598562,0.56848278471434,0.0147559591373439,0.0450245932652289
15,Neuquén,11,CATAN LIL,2019,0.141908713692946,0.0157676348547718,0.0265560165975104,0.769294605809129,0.0116182572614108,0.0348547717842324
15,Neuquén,12,PICÚN LEUFÚ,2019,0.209538461538462,0.0181538461538462,0.0212307692307692,0.684923076923077,0.0107692307692308,0.0553846153846154
15,Neuquén,13,COLLON CURÁ,2019,0.276357267950963,0.031523642732049,0.0294220665499124,0.601751313485114,0.0164623467600701,0.0444833625218914
15,Neuquén,14,HUILICHES,2019,0.363711834701596,0.0237985425698736,0.0355133290286874,0.503090120837561,0.0127294530024905,0.0611567198597915
15,Neuquén,15,LÁCAR,2019,0.486003217651115,0.0215122960239025,0.04389795449322,0.368329119742588,0.0215122960239025,0.0587451160652724
15,Neuquén,16,LOS LAGOS,2019,0.476196201009858,0.0282519836499158,0.0328203895167108,0.384948304880981,0.0180331810531378,0.0597499398893965
16,Río Negro,1,ADOLFO ALSINA,2019,0.240174758042396,0.0289761372986952,0.0199639512558285,0.436444496689001,0.0169468281023471,0.0540731162572
16,Río Negro,2,CONESA,2019,0.292525453190961,0.0260740004966476,0.0148994288552272,0.600446982865657,0.0111745716414204,0.0548795629500869
16,Río Negro,3,SAN ANTONIO OESTE,2019,0.253265071570369,0.0488977118378435,0.0181276773586877,0.613102079197576,0.0168216487305402,0.0497858113049838
16,Río Negro,4,VALCHETA,2019,0.222026741731175,0.0387051372273047,0.0130190007037298,0.673469387755102,0.0133708655876144,0.0394088669950739
16,Río Negro,5,NUEVE DE JULIO,2019,0.00349309504467912,0.0016246953696182,0.000584890333062551,0.0268074735987002,0.000276198212835093,0.00128350934199838
16,Río Negro,6,25 DE MAYO,2019,0.0234896327173194,0.00475875270586973,0.00223625597080344,0.118002755067356,0.00146698391684706,0.00511655366119828
16,Río Negro,7,ÑORQUINCO,2019,0.130190796857464,0.0392817059483726,0.0190796857463524,0.7665544332211,0.0123456790123457,0.0325476992143659
16,Río Negro,8,PILCANIYEU,2019,0.274404036888812,0.0281886201496433,0.0222724899947799,0.596311118844615,0.0201844440577693,0.0586392900643814
16,Río Negro,9,BARILOCHE,2019,0.289401943372962,0.0278044862730903,0.0351232424238996,0.558329468456953,0.0207232786217662,0.0686175808513286
16,Río Negro,10,PICHI MAHUIDA,2019,0.313849013735413,0.0198285655272126,0.0147681503666219,0.566250129092224,0.0163172570484354,0.068986884230094
16,Río Negro,11,AVELLANEDA,2019,0.0241395840072333,0.00281771379354693,0.0014575725571045,0.0531702203117023,0.00119645661773016,0.00442727921088425
16,Río Negro,12,GENERAL ROCA,2019,0.267090504011573,0.0304012431798962,0.0234942112289709,0.510364840674648,0.0189396053247249,0.0562350022107654
16,Río Negro,13,EL CUY,2019,0.180900621118012,0.0213509316770186,0.0209627329192547,0.739130434782609,0.0046583850931677,0.0329968944099379
17,Salta,1,CAPITAL,2019,0.0536704289803742,0.00291123817493654,0.00260626534993053,0.042703930318866,0.00275875176243354,0.0161536149592854
17,Salta,2,LA CALDERA,2019,0.479621749408983,0.018628841607565,0.0152245862884161,0.349787234042553,0.0161702127659574,0.120567375886525
17,Salta,3,GENERAL GÜEMES,2019,0.10341593058704,0.00711326506683343,0.00698298548685479,0.227976237004612,0.00618828004898512,0.0384064201777014
17,Salta,4,METÁN,2019,0.333630723062574,0.0165862362626222,0.0136258566851859,0.534733768603755,0.018978871811509,0.0824445435743542
17,Salta,5,ANTA,2019,0.27296392711045,0.0167038552125945,0.00877029874798562,0.635676211726788,0.00681790008677327,0.0590678071154085
17,Salta,6,RIVADAVIA,2019,0.0127648149956068,0.00149695727163266,0.000650850987666374,0.103534120863028,0.000520680790133099,0.00507663770379772
17,Salta,7,ORÁN,2019,0.262815764603714,0.0271385149804603,0.0178411790248014,0.599307808229675,0.0154529897065209,0.0774437434548287
17,Salta,8,SAN MARTÍN,2019,0.0736360666448873,0.00790155722530763,0.00549275835783513,0.265904388544049,0.00429924861156485,0.0182772514428836
17,Salta,9,IRUYA,2019,0.112364243943191,0.012531328320802,0.012531328320802,0.776106934001671,0.006265664160401,0.0802005012531328
17,Salta,10,SANTA VICTORIA,2019,0.152462121212121,0.00568181818181818,0.0208333333333333,0.724431818181818,0.0113636363636364,0.0852272727272727
17,Salta,11,CERRILLOS,2019,0.377913795631139,0.0201216830376778,0.0154669403313297,0.435236768802228,0.0166031373698871,0.134657674827738
17,Salta,12,CHICOANA,2019,0.402225427570575,0.0129129747922247,0.0159351603818944,0.43553815509307,0.0122261144309362,0.1211621677313
17,Salta,13,LA VIÑA,2019,0.331101863578795,0.0081418491043966,0.00904649900488511,0.500995114890537,0.0108557988058621,0.139858874615524
17,Salta,14,GUACHIPAS,2019,0.360922659430122,0.00904568068747173,0.0122116689280868,0.424242424242424,0.00768882858435097,0.185888738127544
17,Salta,15,ROSARIO DE LA FRONTERA,2019,0.294977219691077,0.00822313590398933,0.0127236359595511,0.582509167685298,0.0130570063340371,0.0885098344260473
17,Salta,16,LA CANDELARIA,2019,0.254747225647349,0.00542540073982737,0.0120838471023428,0.566954377311961,0.00961775585696671,0.151171393341554
17,Salta,17,CAFAYATE,2019,0.274472361809045,0.0218090452261307,0.0168844221105528,0.574472361809045,0.0164824120603015,0.0958793969849246
17,Salta,18,SAN CARLOS,2019,0.0373236409114003,0.00168054089967562,0.00144604682065111,0.102630241919725,0.00164145855317153,0.0158283503341541
17,Salta,19,MOLINOS,2019,0.281286894923259,0.00619834710743802,0.00708382526564345,0.489964580873672,0.0109208972845336,0.204545454545455
17,Salta,20,CACHI,2019,0.297964829085161,0.00869393400513733,0.0152143845089903,0.530329974313377,0.0144240268721597,0.133372851215175
17,Salta,21,ROSARIO DE LERMA,2019,0.38783570300158,0.0312570525840668,0.0164748363800497,0.416535018430753,0.019634394041977,0.128262995561574
17,Salta,22,LA POMA,2019,0.199410609037328,0.0117878192534381,0.0245579567779961,0.597249508840864,0.0147347740667976,0.152259332023576
17,Salta,23,LOS ANDES,2019,0.252407501267106,0.0159655347187025,0.0195134313228586,0.362138874809934,0.0179929042067917,0.331981753674607
18,San Juan,1,CAPITAL,2019,0.0147598744160212,0.000418416822713551,0.000405157134669812,0.00925710387786943,0.000403683835998285,0.00187698250752487
18,San Juan,2,SANTA LUCÍA,2019,0.417879114791381,0.0140537073213401,0.0139662361139458,0.465405137475581,0.0138787649065516,0.0748170393912004
18,San Juan,3,CHIMBAS,2019,0.255411173290335,0.0221948212083847,0.0157450441050934,0.617945556293275,0.0131461633311202,0.0755572417717917
18,San Juan,4,RIVADAVIA,2019,0.203521103843275,0.00746851508347164,0.00755800709427577,0.208459435712194,0.00691529174395522,0.0342917114126721
18,San Juan,5,ZONDA,2019,0.214243672748676,0.0103001765744556,0.0114773396115362,0.698940553266627,0.0064743967039435,0.0585638610947616
18,San Juan,6,RAWSON,2019,0.154181707833629,0.0110825214791025,0.00773816673726269,0.249947843238903,0.007200794047175,0.0396960367183598
18,San Juan,7,NUEVE DE JULIO,2019,0.0287733549959383,0.00107229894394801,0.00191714053614947,0.0711779041429732,0.00154346060113729,0.0101056051990252
18,San Juan,8,SAN MARTÍN,2019,0.00817162147446368,0.00080583687248176,0.000466078623543504,0.021291516933464,0.000296199499074377,0.0027354894914516
18,San Juan,9,ANGACO,2019,0.286190692739124,0.0125814764286797,0.0134909807488252,0.603910868576626,0.0127330604820373,0.0710929210247082
18,San Juan,10,ALBARDÓN,2019,0.262234861950468,0.0218035312240787,0.012382983765849,0.621993127147766,0.0096575423628392,0.0719279535489987
18,San Juan,11,ULLÚM,2019,0.148930258405113,0.0100027785495971,0.0108363434287302,0.767435398721867,0.00472353431508752,0.0580716865796055
18,San Juan,12,POCITO,2019,0.25713799171255,0.0241811886246239,0.0152409604359426,0.628483850825907,0.00922404495657603,0.0657319634444003
18,San Juan,13,SARMIENTO,2019,0.153846153846154,0.00680586480695711,0.00625971516195438,0.398227114229299,0.00415913960425157,0.0360878880813343
18,San Juan,14,25 DE MAYO,2019,0.0399663667101991,0.00443673184607403,0.00216469577973773,0.135463441687389,0.00100184267491994,0.0119326618602072
18,San Juan,15,CAUCETE,2019,0.298041454417706,0.0230546284911295,0.0124714561742491,0.59270156332338,0.00988055506762691,0.063850342525909
18,San Juan,16,VALLE FÉRTIL,2019,0.23463687150838,0.00795015040825097,0.0152556940266438,0.669746454662656,0.00472711645896003,0.0676837129351096
18,San Juan,17,JÁCHAL,2019,0.249325169530581,0.00928303377444203,0.0252156165646191,0.652445848969649,0.00882217394166831,0.0549081572190401
18,San Juan,18,IGLESIA,2019,0.369076835944874,0.0117047385312441,0.0168019633754956,0.516896356428167,0.0117047385312441,0.0738153671889749
18,San Juan,19,CALINGASTA,2019,0.306301905227162,0.00651359713401726,0.0144927536231884,0.591760299625468,0.0128643543396841,0.0680670900504804
19,San Luis,1,CAPITAL,2019,0.0231481004023579,0.00146593217816896,0.00141326175066188,0.0211499390790999,0.00103499231674743,0.00400479411387715
19,San Luis,2,PRINGLES,2019,0.406462235027784,0.0156410784111957,0.0167729985593744,0.497839061535295,0.011422103313439,0.0518625231529121
19,San Luis,3,PEDERNERA,2019,0.519914011659832,0.027128386667134,0.0213802530580772,0.347563468975267,0.0177584615564357,0.0662554180832545
19,San Luis,4,CHACABUCO,2019,0.0866878355095473,0.00341739167580344,0.0040723917469991,0.112432186133933,0.0024776089649575,0.0121032621851372
19,San Luis,5,SAN MARTÍN,2019,0.00344549711423282,0.000200370249373843,0.000169879124469128,0.0093172165958837,0.000104540999673309,0.000622890123053468
19,San Luis,6,JUNÍN,2019,0.0870798356222121,0.00408310210389519,0.0046889817709248,0.0919619964174072,0.00345966070738646,0.0130308032735064
19,San Luis,7,AYACUCHO,2019,0.163273769132172,0.00787906205232602,0.00750207343738219,0.299668250018849,0.00388298273392144,0.0207343738219106
19,San Luis,8,BELGRANO,2019,0.0191968958211013,0.000893472544865086,0.00122533377581497,0.0390319863171062,0.000663722461899778,0.00362494575345263
19,San Luis,9,GOBERNADOR DUPUY,2019,0.428943129723702,0.0141246437863957,0.0109032338000248,0.501672655185231,0.0079296245818362,0.0364267129228101
20,Santa Cruz,1,DESEADO,2019,0.226584645075689,0.0396839756347627,0.0358995235510524,0.643552861709185,0.000241239973463603,0.0540377540558471
20,Santa Cruz,2,LAGO BUENOS AIRES,2019,0.21801308382778,0.0269283432222729,0.0331659820477712,0.689791571580709,0,0.0321010193214666
20,Santa Cruz,3,MAGALLANES,2019,0.269059011164274,0.0371610845295056,0.0406698564593301,0.593141945773525,0.000318979266347687,0.0596491228070175
20,Santa Cruz,4,RÍO CHICO,2019,0.0140534582529622,0.00190594286764031,0.00243409571048039,0.0441352071277671,0,0.00241113254340039
20,Santa Cruz,5,CORPEN AIKE,2019,0.294540051999505,0.0186950600470472,0.0138665346044323,0.637860591803888,0.000123808344682432,0.0349139532004457
20,Santa Cruz,6,LAGO ARGENTINO,2019,0.240746382330541,0.0261995430312262,0.0310738766184311,0.655369383092156,0.000152322924600152,0.0464584920030465
20,Santa Cruz,7,GÜER AIKE,2019,0.345504268943437,0.019517075773746,0.0336179295624333,0.533044290288154,0.0180496264674493,0.0502668089647812
21,Santa Fe,1,BELGRANO,2019,0.406044979960687,0.0129681157940418,0.00799019732979348,0.273862098894647,0.0102876981594466,0.0696653307124805
21,Santa Fe,2,CASEROS,2019,0.510358417212547,0.0115211872681117,0.0161722674903694,0.344197688661661,0.0201842679874314,0.0975661713798796
21,Santa Fe,3,CASTELLANOS,2019,0.586427220527849,0.0147126475950316,0.0107938184730197,0.308198872058748,0.015530490194408,0.0643369511509431
21,Santa Fe,4,CONSTITUCIÓN,2019,0.406024863452066,0.0157658412358007,0.0178098716616962,0.451295111081326,0.0200381999128774,0.0890661126562343
21,Santa Fe,5,GARAY,2019,0.406975088967972,0.00633451957295374,0.00903914590747331,0.503629893238434,0.0100355871886121,0.0639857651245552
21,Santa Fe,6,GENERAL LÓPEZ,2019,0.496881059738803,0.0142980632198678,0.0153104533171351,0.376624691415711,0.0174909858343263,0.0793947464741568
21,Santa Fe,7,GENERAL OBLIGADO,2019,0.446640654413526,0.0103278912961632,0.00788924256426053,0.471720231372146,0.0130317965567991,0.0503901837971044
21,Santa Fe,8,IRIONDO,2019,0.445678416224046,0.0168781001711953,0.0146174443615293,0.407203371230411,0.0186778455730653,0.0969448224397524
21,Santa Fe,9,LA CAPITAL,2019,0.443102439082366,0.0178154925852966,0.0138489010907384,0.411996636568111,0.0228249856638173,0.0904115450096714
21,Santa Fe,11,LAS COLONIAS,2019,0.61885935397039,0.0123654104979812,0.00801929116195604,0.267300358905339,0.0173424181247196,0.0761131673396142
21,Santa Fe,12,NUEVE DE JULIO,2019,0.14502030869212,0.00664500406173842,0.00191714053614947,0.1353208773355,0.00263200649878148,0.0129163281884647
21,Santa Fe,13,ROSARIO,2019,0.374123436180156,0.0159393415337555,0.0180785821033533,0.465838377376032,0.0200453838887195,0.105974878917984
21,Santa Fe,16,SAN CRISTÓBAL,2019,0.486843299156156,0.0090055348879412,0.00775791670447328,0.42541511659559,0.0118410307594592,0.0591371018963796
21,Santa Fe,17,SAN JAVIER,2019,0.116067500248371,0.00212889765679331,0.00251209923501611,0.14670943385515,0.00259725514128784,0.0127024226855334
21,Santa Fe,18,SAN JERÓNIMO,2019,0.435453730004485,0.0144453580505307,0.010726566003887,0.439452833009418,0.018668709822096,0.0812528031095829
21,Santa Fe,19,SAN JUSTO,2019,0.0870313445767117,0.00181587286516254,0.00137674021149578,0.0634249973295987,0.00240336114506807,0.0112572249189978
21,Santa Fe,20,SAN LORENZO,2019,0.347027896234521,0.0203368988593995,0.0143461844667082,0.424063753813169,0.0186894524014094,0.0996429218921199
21,Santa Fe,21,SAN MARTÍN,2019,0.0983556571926386,0.00301862136556681,0.00214744636828923,0.0625068060546662,0.00311445061526734,0.0156637264510509
21,Santa Fe,22,VERA,2019,0.39255076220453,0.00802320557921373,0.0101524409060051,0.531012775411961,0.0097204221440474,0.048540393754243
22,Santiago del Estero,1,CAPITAL,2019,0.0176335434748338,0.00134180676509284,0.00101436613534606,0.0450354254665569,0.000991530005937394,0.00370129458754267
22,Santiago del Estero,2,AVELLANEDA,2019,0.00674224738981492,0.000475464844830879,0.000249424180894887,0.0472152179928369,0.000202657146977096,0.000810628587908384
22,Santiago del Estero,3,AGUIRRE,2019,0.293138151875572,0.00512351326623971,0.00439158279963404,0.677767612076853,0.00329368709972553,0.0162854528819762
22,Santiago del Estero,4,ALBERDI,2019,0.0395584474442394,0.00388462659026901,0.000906412871062769,0.280275808487909,0.000874040982810528,0.00343142015473763
22,Santiago del Estero,5,ATAMISQUI,2019,0.0943421052631579,0.0177631578947368,0.00434210526315789,0.872894736842105,0.00171052631578947,0.00894736842105263
22,Santiago del Estero,6,BANDA,2019,0.186533598640302,0.0162915060315881,0.0115449985491025,0.735159391452141,0.00971064958753057,0.0407598557393359
22,Santiago del Estero,7,BELGRANO,2019,0.0598881882929569,0.00308886222653358,0.000765833609884359,0.0854159752891022,0.000995583692849667,0.00439077936333699
22,Santiago del Estero,8,COPO,2019,0.121143977397221,0.0127428933863807,0.00616963616444675,0.843971631205674,0.00328662861096696,0.0126852332353111
22,Santiago del Estero,9,CHOYA,2019,0.150358407461784,0.0102340443907073,0.00958632006218154,0.79471456947923,0.00790223680801451,0.0272044217980827
22,Santiago del Estero,10,FIGUEROA,2019,0.0379930394431555,0.0157579273008507,0.00261020881670534,0.931844547563805,0.0029969064191802,0.00879737045630317
22,Santiago del Estero,11,GUASAYÁN,2019,0.0492122499557444,0.00354044963710391,0.00442556204637989,0.929722074703487,0.00283235970968313,0.0102673039476013
22,Santiago del Estero,12,JIMÉNEZ,2019,0.0720720720720721,0.00255661066471877,0.00365230094959825,0.910153396639883,0.000973946919892866,0.0105916727538349
22,Santiago del Estero,13,LORETO,2019,0.161002704085361,0.0111817583863188,0.00745450559087919,0.791273843455383,0.00621208799239933,0.0228751004896587
22,Santiago del Estero,14,MATARA,2019,0.10918184391809,0.0541662734736246,0.00566197980560536,0.818344814570162,0.00311408889308295,0.00953099933943569
22,Santiago del Estero,15,MITRE,2019,0.263013698630137,0.0123287671232877,0.00136986301369863,0.704109589041096,0.00136986301369863,0.0178082191780822
22,Santiago del Estero,16,MORENO,2019,0.0121822279023571,0.00119259098401216,0.00035955728174695,0.0559663368944931,0.000220718331369415,0.00111427157610688
22,Santiago del Estero,17,OJO DE AGUA,2019,0.195180722891566,0.0102409638554217,0.00572289156626506,0.762449799196787,0.00502008032128514,0.0213855421686747
22,Santiago del Estero,18,PELLEGRINI,2019,0.0823814468674282,0.00449982692973347,0.00132687204338295,0.66758970808815,0.00207684319833853,0.00894196377062421
22,Santiago del Estero,19,QUEBRACHOS,2019,0.18015318015318,0.00466200466200466,0.00782550782550783,0.769397269397269,0.00865800865800866,0.0293040293040293
22,Santiago del Estero,20,RIVADAVIA,2019,0.00997429138598718,0.000105763285495786,0.000146441472224934,0.0127160011715318,9.76276481499561e-05,0.000618308438283055
22,Santiago del Estero,21,ROBLES,2019,0.163430637386181,0.0131896089983931,0.00585832886984467,0.786455543652919,0.00495447241564007,0.026111408677022
22,Santiago del Estero,22,RÍO HONDO,2019,0.107192034742082,0.010274335345832,0.0097447304310984,0.839132507149666,0.00783815273805741,0.0258182395932634
22,Santiago del Estero,23,SILIPICA,2019,0.0699277189443604,0.00487476886871743,0.00672381912926542,0.901832240712725,0.00319381408640108,0.0134476382585308
22,Santiago del Estero,24,SAN MARTÍN,2019,0.00134160949580747,0.000135032124578025,9.58292497005336e-05,0.0218839159316128,4.35587498638789e-05,0.000270064249156049
22,Santiago del Estero,25,SALAVINA,2019,0.0895945140131187,0.00626118067978533,0.00253428741800835,0.889683959451401,0.00253428741800835,0.009391771019678
22,Santiago del Estero,26,SARMIENTO,2019,0.00886442885350586,0.000462126622694618,0.000294080578078394,0.0921732554719993,0.000294080578078394,0.00117632231231357
22,Santiago del Estero,27,TABOADA,2019,0.16674885255851,0.0235557410006448,0.00625877176345636,0.776353222319159,0.00572772446231461,0.0213556878959147
23,Tucumán,1,CAPITAL,2019,0.0582940085362925,0.00335396442573028,0.00214733281375,0.060558100269761,0.00135396147913293,0.0064843557780564
23,Tucumán,2,LULES,2019,0.31814954769266,0.0210466048322455,0.0103057368601855,0.599633573800527,0.00810717966334593,0.0427573571510363
23,Tucumán,3,FAMAILLÁ,2019,0.251771711326372,0.0202541200150962,0.0103576969849457,0.670231056317356,0.00675137333836541,0.0406340420178639
23,Tucumán,4,MONTEROS,2019,0.20851331698105,0.0147387614230828,0.0079228982613037,0.726019666152944,0.00698951572641038,0.0358158414552085
23,Tucumán,5,CHICLIGASTA,2019,0.306111985290218,0.0179805873304927,0.00730185109881367,0.621063984017256,0.0107671363660473,0.036774455897173
23,Tucumán,6,RÍO CHICO,2019,0.198309910902912,0.0150408744374024,0.00744006613392119,0.676609718012308,0.0068889501240011,0.0307706438872049
23,Tucumán,7,ALBERDI,2019,0.188760480398822,0.0080606001748082,0.00537373344987213,0.444983975915315,0.00388462659026901,0.0200058269398854
23,Tucumán,8,LA COCHA,2019,0.237985931136616,0.00844131803035913,0.00503517215845983,0.719437245464643,0.00422065901517956,0.0248796741947427
23,Tucumán,9,GRANEROS,2019,0.158650843222986,0.0141578180303977,0.00374765771392879,0.800124921923798,0.00364355611076411,0.0196752029981262
23,Tucumán,10,SIMOCA,2019,0.190461632528279,0.00825435646591257,0.00519718740446347,0.765951871424204,0.00397431977988383,0.0261606323972573
23,Tucumán,11,LEALES,2019,0.213386414530978,0.0139089325702911,0.00768847972132371,0.727220701667081,0.0047524259766111,0.0330430455337149
23,Tucumán,12,CRUZ ALTA,2019,0.246111295156357,0.0211866039029577,0.0113637239115864,0.678148521945469,0.00648695290410558,0.0367029021795237
23,Tucumán,13,BURRUYACU,2019,0.195152268489745,0.0116623405110957,0.00500859137937338,0.758892991627975,0.00303440207655467,0.0262494059152561
23,Tucumán,14,TRANCAS,2019,0.282652210175146,0.0165137614678899,0.0105921601334445,0.64278565471226,0.00650542118432027,0.0409507923269391
23,Tucumán,15,YERBA BUENA,2019,0.502330754510215,0.0171249120855755,0.0127087456451692,0.417900194638447,0.010402525392957,0.039532867727637
23,Tucumán,16,TAFÍ VIEJO,2019,0.346312306542854,0.0266410502721742,0.0152951222115487,0.54934357989113,0.0113886220514463,0.0510193190308464
23,Tucumán,17,TAFÍ DEL VALLE,2019,0.167406247280954,0.0127033846689289,0.011224223440355,0.769598886278604,0.0066997302705995,0.0323675280605586
24,Tierra del Fuego,1,USHUAIA,2019,0.314234350511662,0.0335807135613534,0.0339033834239882,0.510325435604315,0.0292707661104453,0.0786853507882364
24,Tierra del Fuego,2,RÍO GRANDE,2019,0.213941800464215,0.041088795534327,0.022980568183998,0.619631313421956,0.0270664288043583,0.0752910935911454
24,Tierra del Fuego,3,ANTÁRTIDA ARGENTINA,2019,0.894736842105263,0.0087719298245614,0,0.043859649122807,0.0350877192982456,0.0175438596491228
24,Tierra del Fuego,5,TOLHUIN,2019,0.247318611987382,0.0690851735015773,0.016403785488959,0.588328075709779,0.0116719242902208,0.067192429022082
