seccion_id,distrito_nombre,anio,Cambiemos_Macrismo,Conservadurismo_Nacionalismo,Izquierda,Kirchnerismo,Liberalismo,Peronismo_Federal_Tercera_Via
1,Buenos Aires,2023,0.0126417515430889,0.0015977461815988,0.00062360070367251,0.00963444637449067,0.0126269917631203,0.00221027705029487
1,Catamarca,2023,0.0563233203601017,0.0152948219924411,0.00782637332833961,0.130022591688214,0.12710753514442,0.0305269149200158
1,Chaco,2023,0.269602140906085,0.0205862031111771,0.00925438204029973,0.376927880947615,0.313010653793679,0.0397702271253391
1,Chubut,2023,0.0716033825725743,0.00944994912488342,0.0160660204957995,0.0967023884091448,0.112491663030533,0.0302575489355892
1,Ciudad Autónoma Bs.As.,2023,0.169645221013868,0.0138815730604496,0.0146896710137294,0.142597924221445,0.094672918663465,0.0119185223246284
1,Córdoba,2023,0.746328274111254,0.0532311464566842,0.0517736181847869,0.39603072617195,1.01637689836139,0.925637461059549
1,Corrientes,2023,0.321372069145879,0.0191286748392798,0.0122395475389451,0.244185799800189,0.286144164305871,0.0231433349907336
1,Entre Ríos,2023,0.266602215627471,0.0418144566509875,0.0143538860194442,0.272856672389156,0.253089637066235,0.0523455596585694
1,Formosa,2023,0.103735423564173,0.0123428659987251,0.00595557121732208,0.248078691766903,0.208459752386241,0.0204090857515542
1,Jujuy,2023,0.146590444702946,0.0168925681740399,0.0238112150343119,0.174453219338633,0.252871930311699,0.0498327071189186
1,La Pampa,2023,0.00826547678240487,0.000490762683955289,0.000420653729104533,0.00875623946636016,0.00961599664952995,0.00195936079082901
1,La Rioja,2023,0.0614781735141283,0.00983001345907436,0.00488548716960002,0.174154333794269,0.192327312880583,0.0456261698278733
1,Mendoza,2023,0.103525096699621,0.00742047937920366,0.00916582336048825,0.0563860494249682,0.0912523396557466,0.00899239594585744
1,Misiones,2023,0.166357480025867,0.0230842958708593,0.0114683490355868,0.260912320449583,0.331194702714969,0.0392683946064074
1,Neuquén,2023,0.218695659794452,0.039360643231211,0.0574339938027374,0.32877040885513,0.384757944220947,0.0597844887627338
1,Río Negro,2023,0.0324604460958998,0.00658286186598673,0.00559764655308401,0.0596147512930951,0.0495301316295627,0.00988905257894868
1,Salta,2023,0.212773298082059,0.0318110157772823,0.0298553449314454,0.355290043513676,0.541750343856749,0.0975252461423931
1,San Juan,2023,0.0920825772789792,0.00470836980997706,0.00493345645449791,0.0583380303258129,0.0819315386055883,0.0159036629161451
1,San Luis,2023,0.116473113677058,0.0170549257536943,0.014376025689397,0.146623654207875,0.245835205211678,0.0328515802650672
1,Santa Cruz,2023,0.0319364739070152,0.024678352107466,0.00685222785041332,0.0874516963138372,0.0871528107694735,0.0199626024075046
1,Santa Fe,2023,0.31564527451807,0.0256266679704472,0.020888778600533,0.347655547324928,0.358230929672416,0.0924995410630916
1,Santiago del Estero,2023,0.083045901993216,0.0191360547292641,0.0139701317402611,0.421340058873072,0.193615103682842,0.018523523860568
1,Tierra del Fuego,2023,0.0292391241177572,0.00587070248250274,0.00656810208601815,0.0566517254644026,0.058773443834886,0.0180585907915578
1,Tucumán,2023,0.261273935058813,0.0498105674489658,0.0250879360015941,0.460800330619071,0.4947035452069,0.0648323335119882
2,Buenos Aires,2023,0.00836879524218493,0.00109222371767493,0.000453863234033839,0.00999975092871303,0.00804039013788402,0.00131362041720363
2,Catamarca,2023,0.00417701773110817,0.00264938050436013,0.000483382793970999,0.0196710967531252,0.0103097063080532,0.00145752827189729
2,Chaco,2023,0.00986691290899581,0.000538731968853174,0.000339474939277343,0.0158962830261608,0.0104609940527312,0.0011143633876278
2,Chubut,2023,0.0373016539255941,0.0062360070367251,0.0106012119624327,0.0649024424668389,0.0847691063045478,0.0163833557651239
2,Ciudad Autónoma Bs.As.,2023,0.210408043342094,0.00719908267967495,0.0070551748249813,0.0709391924739882,0.0659577667345924,0.00830237623232632
2,Córdoba,2023,0.0356743881840581,0.00354972708244352,0.00260879110944654,0.0260547015895361,0.0542717109444691,0.0517994477997319
2,Corrientes,2023,0.0643932300579229,0.00428033619088823,0.00218075749035771,0.108074798874936,0.0461464520717657,0.00709576421989489
2,Formosa,2023,0.00621755731176438,0.000874516963138372,0.000243536369481572,0.0274900901914805,0.0132911818617064,0.000856067238177647
2,Jujuy,2023,0.0248407096871203,0.00357924664238068,0.00599616061223567,0.0414048727568594,0.0516961293399519,0.0131398941170285
2,La Pampa,2023,0.0530835486569984,0.00494821623446649,0.00780423365838674,0.10976848362633,0.0772047190706505,0.0215898681490406
2,La Rioja,2023,0.000785958283326891,0.000121768184740786,7.01089548507556e-05,0.00537993979854745,0.00274162912916376,0.000642050428633235
2,Mendoza,2023,0.143210455090141,0.0130107460423034,0.0181286997464085,0.0925438204029973,0.162494107619091,0.017759705247194
2,Misiones,2023,0.0176157973925004,0.00293719621374744,0.00138003942706224,0.0397074980604727,0.0425893450993379,0.00405524954636739
2,Neuquén,2023,0.021803884958585,0.00492238661952147,0.00447959322046407,0.0292907833476472,0.0357703267538539,0.00644633390127737
2,Río Negro,2023,0.00253130226461149,0.000516592298900304,0.000383754279183083,0.00552015770824897,0.00580059352765199,0.000789648228319036
2,Salta,2023,0.00808466947778976,0.00065312026360967,0.000793338173311181,0.0124092850085837,0.0180696606265342,0.00252761231961935
2,San Juan,2023,0.0394934812509282,0.00321025214316618,0.00267521011930515,0.0318516051721959,0.0429546496535603,0.00718432289970637
2,San Luis,2023,0.00729133130447858,0.00118078239748641,0.000498142573939579,0.0116491563402019,0.0146933609587215,0.00149073777682659
2,Santa Cruz,2023,0.00315121302329186,0.00266045033933657,0.000649430318617525,0.0105680024575034,0.00952374802472632,0.00104425443277704
2,Santa Fe,2023,0.0741457546721622,0.00514009337405803,0.00282649786398309,0.0426557641091965,0.10384981185893,0.0252835030861777
2,Santiago del Estero,2023,0.00269365984426587,0.000664190098586105,0.000490762683955289,0.0420912025253984,0.00963813631948282,0.000734299053436861
2,Tierra del Fuego,2023,0.0275749589262998,0.00667511049079036,0.00818798793756982,0.087495975653743,0.0662086829940583,0.0168851882840557
2,Tucumán,2023,0.0216193877089777,0.00535780012859458,0.00182652277111179,0.0745331988963375,0.0672603173168196,0.00707731449493417
3,Buenos Aires,2023,0.232632582029783,0.0438107168917379,0.0559580158058794,0.640378883551794,0.292793445181716,0.0449841193992401
3,Catamarca,2023,0.0064574037362538,0.00271948945921089,0.000453863234033839,0.0310361273289318,0.0125347431383167,0.00207374908558551
3,Chaco,2023,0.0101141392234695,0.000642050428633235,0.000287815709387312,0.0146933609587215,0.0105975220174405,0.000937246028004838
3,Chubut,2023,0.00063836048364109,5.90391198743205e-05,0.000140217909701511,0.00102580470781632,0.000785958283326891,0.000236156479497282
3,Ciudad Autónoma Bs.As.,2023,0.144184600568067,0.0107082203672049,0.0168667385590949,0.143882025078711,0.0869424839049212,0.0124055950635916
3,Córdoba,2023,0.159911146124589,0.0120993296292436,0.0105458627875505,0.08609748650172,0.251189315395281,0.200135236483962
3,Corrientes,2023,0.0306154735998273,0.0022619362801849,0.00116971256250997,0.0431723564080968,0.0264458357587034,0.00446852338548763
3,Entre Ríos,2023,0.0456630692777947,0.0101288990034381,0.00162726574153596,0.0716956311973779,0.0377001679847458,0.00647954340620667
3,Formosa,2023,0.029132115712985,0.0037526740570115,0.00132469025218007,0.120982226457459,0.0528141826725718,0.0040072802614695
3,Jujuy,2023,0.00463457091013416,0.000372684444206648,0.000413273839120243,0.00474526925989851,0.00691495691527979,0.000981525367910578
3,La Pampa,2023,0.00102580470781632,0.000154977689670091,0.000431723564080968,0.0023763245749414,0.00219920721531844,0.000431723564080968
3,La Rioja,2023,0.00159036629161451,0.000269365984426587,9.59385697957708e-05,0.00858281205172934,0.00433937531076256,0.000778578393342601
3,Mendoza,2023,0.181006561644682,0.0203869460816013,0.0256561875303844,0.135358252146856,0.282236512559189,0.0255381092906358
3,Misiones,2023,0.0111916031611759,0.00232466534505137,0.000981525367910578,0.0345452650164618,0.0303903869553065,0.0031216934633547
3,Neuquén,2023,0.00381909306687011,0.0019667406808133,0.0010737739927142,0.0147044307936979,0.0203426667416955,0.00161250596156738
3,Río Negro,2023,0.013102994667107,0.00439841443063688,0.00233204523503566,0.0295011102121995,0.0250288968817197,0.00573048457280123
3,Salta,2023,0.0132100030718792,0.00207743903057765,0.00189663172596255,0.048087363137634,0.0469324103550926,0.00616589808187434
3,San Juan,2023,0.0316966274825258,0.00570834490284836,0.00498880562938008,0.0730609108444716,0.0710166813188233,0.0122469274289294
3,San Luis,2023,0.0724041006358698,0.0093909100050091,0.00650537302115169,0.0792304988713381,0.151693638627082,0.0214275105693862
3,Santa Cruz,2023,0.00421022723603748,0.00219920721531844,0.000678949878554685,0.00677842895057042,0.0105790722924798,0.00175641381626103
3,Santa Fe,2023,0.0493234947100026,0.00392610147164231,0.00253868215459578,0.0503603692527954,0.0629689112909549,0.0194755296685415
3,Santiago del Estero,2023,0.00360507625732569,0.000402204004143808,0.000118078239748641,0.0111362539862937,0.00421391718102962,0.000402204004143808
3,Tierra del Fuego,2023,0.000162357579654381,7.37988998429006e-06,1.47597799685801e-05,2.95195599371602e-05,0.000505522463923869,2.21396699528702e-05
3,Tucumán,2023,0.0079075521181668,0.00256082182454865,0.000948315862981273,0.0501500423882431,0.0355636898342938,0.00321763203315047
4,Buenos Aires,2023,0.197969238773573,0.0241912793685028,0.0308848395842539,0.406285083305121,0.169250396899708,0.0242171089834478
4,Catamarca,2023,0.00337260972282056,0.000933556083012692,0.000103318459780061,0.00329512087798551,0.000929866138020548,0.000273055929418732
4,Chaco,2023,0.00847580364695713,0.00060146103371964,0.000287815709387312,0.0176194873374925,0.0104720638877076,0.00113650305758067
4,Chubut,2023,0.000287815709387312,8.11787898271907e-05,5.90391198743205e-05,0.000826547678240487,0.000697399603515411,0.000136527964709366
4,Ciudad Autónoma Bs.As.,2023,0.147461271721092,0.0158040344013572,0.0206120327261221,0.189666862541247,0.107292530536601,0.0155383583619227
4,Córdoba,2023,0.0226304326368255,0.0020073300757269,0.00164202552150454,0.0385820648378684,0.0330065579547373,0.0446963036898528
4,Corrientes,2023,0.0290140374732364,0.00411059872124956,0.000970455532934143,0.0409399396878491,0.0299475935562491,0.00401466015145379
4,Entre Ríos,2023,0.0365083157522829,0.00659762164595531,0.00118447234247855,0.029818445481524,0.0379473942992195,0.00717325306472994
4,Formosa,2023,0.0264236960887506,0.00321394208815832,0.00112174327761209,0.0835403546221635,0.0392499448814467,0.00324346164809548
4,Jujuy,2023,0.0472866450743386,0.0051622330440109,0.00670831999571966,0.0675407531362226,0.113919671742494,0.0147450201886115
4,La Pampa,2023,0.0037120846620979,0.000387444224175228,0.000236156479497282,0.00805145997286046,0.00796290129304897,0.00101104492784774
4,La Rioja,2023,0.0032287018681269,0.00104425443277704,0.000221396699528702,0.0166158222996291,0.0154018303972134,0.001933531175884
4,Mendoza,2023,0.105377449085678,0.0154645594620798,0.0185641132554816,0.119377100385876,0.191342097567681,0.0191434346192484
4,Misiones,2023,0.0160254311008859,0.00509950397914443,0.0012213717924,0.0422240405451156,0.0538252276004196,0.00488179722460787
4,Neuquén,2023,0.00646109368124595,0.00318073258322902,0.00133207014216436,0.0188408591298925,0.0302686187705657,0.00365673548721572
4,Río Negro,2023,0.00156822662166164,0.000450173289041694,0.000273055929418732,0.0047858586548121,0.00277114868910092,0.000476002903986709
4,Salta,2023,0.012390835283623,0.00165309535648097,0.00112543322260423,0.0383754279183083,0.0346043041363361,0.00717694300972208
4,San Juan,2023,0.0610685896200002,0.00509950397914443,0.00459767146021271,0.0602826313366734,0.0705886476997344,0.0135015087262587
4,San Luis,2023,0.0109111673417729,0.00166047524646526,0.000907726468067677,0.017682216402359,0.0242945978282829,0.00410690877625742
4,Santa Cruz,2023,0.00139848915202297,0.00158667634662236,0.000391134169167373,0.00447221333047978,0.00364566565223929,0.000568251528790335
4,Santa Fe,2023,0.0124757040184423,0.000988905257894868,0.000490762683955289,0.0159184226961137,0.0178113644770841,0.00264200061437584
4,Santiago del Estero,2023,0.00169368475139457,0.000435413509073114,0.000162357579654381,0.0268591095978237,0.00696661614516982,0.000309955379340183
4,Tucumán,2023,0.0158667634662236,0.00356079691741995,0.00165678530147312,0.101860931508164,0.0509839699564679,0.00629135621160728
5,Buenos Aires,2023,0.0156933360515928,0.00292612637877101,0.00109591366266707,0.0159848417059723,0.0133686707065414,0.00320287225318189
5,Catamarca,2023,0.00202208985569548,0.00108853377268278,0.000107008404772206,0.00719539273468281,0.00207374908558551,0.000313645324332328
5,Chaco,2023,0.0114166898056967,0.000542421913845319,0.000228776589512992,0.022593533186904,0.00847211370196499,0.000885586798114807
5,Chubut,2023,0.0120993296292436,0.00244643352979215,0.00342795889770273,0.030530604865008,0.0165604731247469,0.00295195599371602
5,Ciudad Autónoma Bs.As.,2023,0.159623330415202,0.0103871951528883,0.0177633951921862,0.156837421946132,0.0759944171132269,0.013560547846133
5,Córdoba,2023,0.0185530434205052,0.000918796303044112,0.000697399603515411,0.00985584307401938,0.0294568308722938,0.0197928649378659
5,Corrientes,2023,0.0195640883483529,0.00211064853550696,0.000457553179025984,0.0408735206779905,0.0175973476675396,0.00273424923917947
5,Entre Ríos,2023,0.0220990805579566,0.00788172250322178,0.000988905257894868,0.0271764448671481,0.0283535373196424,0.00613268857694504
5,Formosa,2023,0.00452018261537766,0.000778578393342601,0.000350544774253778,0.0310029178240025,0.0107746393770635,0.000583011308758915
5,Jujuy,2023,0.0414233224818201,0.00408476910630455,0.00395562103157947,0.075463065034358,0.0580612844514021,0.0101584185633753
5,La Pampa,2023,0.00102949465280846,8.85586798114807e-05,0.000166047524646526,0.00337998961280485,0.00241322402486285,0.000328405104300908
5,La Rioja,2023,0.0013763494820701,0.000195567084583687,9.59385697957708e-05,0.0051954425489402,0.00325453148307192,0.000453863234033839
5,Mendoza,2023,0.0146343218388472,0.00325453148307192,0.00315121302329186,0.0364455866874165,0.041065397817582,0.00357186675239639
5,Misiones,2023,0.0053098308436967,0.000682639823546831,0.000206636919560122,0.00908095462566892,0.00626552659666226,0.000760128668381876
5,Neuquén,2023,0.00803670019289188,0.00222503683026345,0.00149073777682659,0.0131103745570913,0.0111104243713487,0.00274900901914805
5,Río Negro,2023,0.000715849328476136,0.00136158970210152,0.000110698349764351,0.00457184184526769,0.00204791947064049,0.000273055929418732
5,Salta,2023,0.0145568329940121,0.00281542802900666,0.000933556083012692,0.0612383270896389,0.0437738174418165,0.00423605685098249
5,San Juan,2023,0.0015239472817559,0.000221396699528702,0.000254606204458007,0.00505891458423084,0.00371946455208219,0.000597771088727495
5,San Luis,2023,0.00249809275968219,0.000442793399057404,0.000136527964709366,0.005571816938139,0.0038264729568544,0.000523972188884594
5,Santa Cruz,2023,0.00402204004143808,0.00287815709387312,0.000649430318617525,0.0113539607408303,0.0117229552400448,0.00172689425632387
5,Santa Fe,2023,0.122081830065118,0.00774519453851242,0.00498142573939579,0.0787913954172728,0.145988983669226,0.0610206203351024
5,Santiago del Estero,2023,0.000870827018146227,0.000402204004143808,0.000169737469638671,0.0238997737141234,0.00481537821474926,0.000387444224175228
5,Tierra del Fuego,2023,0.00160143612659094,0.000483382793970999,0.000324715159308763,0.00544266886341392,0.00694816642020909,0.000878206908130517
5,Tucumán,2023,0.0328331305401065,0.00528769117374383,0.00217706754536557,0.0961894860552366,0.0696329519467689,0.00826916672739701
6,Buenos Aires,2023,0.0430321384983953,0.00671200994071181,0.00404048976639881,0.0527883530576268,0.0482497207172884,0.0103576755929511
6,Catamarca,2023,0.00383385284683869,0.00229145584012206,0.000236156479497282,0.0171361045435215,0.00844628408701997,0.000955695752965563
6,Chaco,2023,0.0071289737248242,0.000560871638806045,0.000136527964709366,0.0144424446992556,0.00680425856551543,0.000852377293185502
6,Chubut,2023,0.0249772376518297,0.00392610147164231,0.00526555150379096,0.0361208715281077,0.0335305301436219,0.00869351040149369
6,Ciudad Autónoma Bs.As.,2023,0.202478351553974,0.00977466428419218,0.0155272885269463,0.14475654204185,0.0739575674775628,0.0136454165809523
6,Córdoba,2023,0.0758320595335725,0.00474526925989851,0.00442055410058975,0.0567181444742613,0.110934506243848,0.088566059701465
6,Corrientes,2023,0.0190327362694841,0.00247595308972932,0.000439103454065259,0.0422019008751627,0.015213643202614,0.00154239700671662
6,Entre Ríos,2023,0.0264901150986092,0.00867875062152511,0.00121768184740786,0.0280066824903808,0.0276118583762213,0.00495559612445078
6,Formosa,2023,0.0241838994785185,0.00317335269324473,0.000896656633091242,0.104226186248129,0.0403347887091373,0.00224717650021632
6,Jujuy,2023,0.011627016670249,0.000785958283326891,0.000457553179025984,0.019693236423078,0.0120218407844085,0.000992595202887013
6,La Pampa,2023,0.00771567497857526,0.000509212408916014,0.000468623014002419,0.0090551250107239,0.0117819943599191,0.00225455639020061
6,La Rioja,2023,0.0147339503536351,0.00372315449707433,0.00117340250750212,0.0463457091013416,0.0530097497571555,0.0109222371767493
6,Mendoza,2023,0.0963038743499931,0.0135679277361173,0.0168261491641813,0.0989126654594397,0.201659183765718,0.0182393980961729
6,Misiones,2023,0.0065717920310103,0.0020073300757269,0.000516592298900304,0.0229883573010635,0.018877758579814,0.00138372937205439
6,Neuquén,2023,0.00332095049293053,0.00251654248464291,0.000915106358051967,0.00737988998429006,0.00580797341763628,0.00155346684169306
6,Río Negro,2023,0.00420284734605319,0.0039002718566973,0.000852377293185502,0.0154977689670091,0.00805883986284475,0.00127672096728218
6,Salta,2023,0.00233942512501995,0.00127303102229004,0.000317335269324473,0.0444121779254576,0.0110698349764351,0.000712159383483991
6,San Juan,2023,0.0519728752143628,0.00684853790542118,0.00681532840049187,0.0876140538934916,0.100691218945654,0.0200511610873161
6,San Luis,2023,0.0196378872481958,0.00290029676382599,0.00199626024075046,0.02544217072084,0.0338404855229621,0.00942042956494626
6,Santa Cruz,2023,0.00732454080940789,0.00335784994285198,0.00227300611516134,0.0229219382912049,0.0175604482176182,0.00282649786398309
6,Santa Fe,2023,0.0413790431419144,0.00310324373839397,0.00156822662166164,0.0283867468245717,0.0570502395235543,0.0220806308329959
6,Santiago del Estero,2023,0.028929168738417,0.00960861675954566,0.00511057381412087,0.240492164863052,0.0906324288970662,0.00807728958780547
6,Tucumán,2023,0.0129295672524762,0.00364566565223929,0.0013763494820701,0.0958241815010143,0.0409842190277548,0.00484489777468642
7,Buenos Aires,2023,0.204297494435102,0.02793657353553,0.0272576236569753,0.195445316398946,0.225071884740878,0.0305158450850394
7,Catamarca,2023,0.00243905363980787,0.0006309805936568,0.000110698349764351,0.00729133130447858,0.00286339731390454,0.000357924664238068
7,Chaco,2023,0.0147708498035566,0.00100735498285559,0.000479692848978854,0.0369474192063482,0.0134719891663215,0.00138372937205439
7,Chubut,2023,0.00114388294756496,0.000261986094442297,0.000225086644520847,0.00258296149450152,0.00184497249607252,0.000442793399057404
7,Ciudad Autónoma Bs.As.,2023,0.178667136519662,0.0134830590012979,0.0179442024968013,0.164652725439496,0.103823982243985,0.0154719393520641
7,Córdoba,2023,0.012796729232759,0.0010737739927142,0.000881896853122662,0.014069760255049,0.0259476931847638,0.0285564842942104
7,Corrientes,2023,0.042235110380092,0.00530245095371241,0.00156084673167735,0.0546923646735736,0.0472091562295035,0.00501094529933295
7,Entre Ríos,2023,0.0393532633412267,0.0102654269681475,0.00204791947064049,0.0354013322546394,0.0418993253858068,0.00735406036934504
7,Formosa,2023,0.00359400642234926,0.000479692848978854,0.000110698349764351,0.0245750336476859,0.00667142054579821,0.000350544774253778
7,Jujuy,2023,0.0300103226211155,0.00475633909487494,0.00540945935848461,0.0811492702672535,0.0653415459209042,0.0113133713459167
7,La Pampa,2023,0.000726919163452571,8.48687348193357e-05,6.27290648664655e-05,0.00164571546649668,0.00120661201243142,0.000177117359622961
7,La Rioja,2023,0.00207743903057765,0.000372684444206648,0.000169737469638671,0.00795921134805683,0.00483013799471784,0.00102580470781632
7,Mendoza,2023,0.0958094217210457,0.0106122817974091,0.0112174327761209,0.0610759695099845,0.144675363252022,0.0126675811580339
7,Misiones,2023,0.0170512358087022,0.0038596824617837,0.00131731036219578,0.0590944690492027,0.053939615895176,0.00476002903986709
7,Neuquén,2023,0.00180807304615106,0.00142062882197584,0.000450173289041694,0.00578214380269126,0.0032692912630405,0.000678949878554685
7,Río Negro,2023,0.000295195599371602,0.000239846424489427,5.16592298900304e-05,0.00201470996571119,0.000413273839120243,0.000143907854693656
7,Salta,2023,0.0346596533112183,0.0062765964316387,0.00416225795113959,0.127487599478611,0.123262612462605,0.0158187941813257
7,San Juan,2023,0.00432461553079397,0.00063836048364109,0.000597771088727495,0.00967872571439641,0.0100182006536738,0.00123982151736073
7,San Luis,2023,0.00895549649593599,0.00174165403629245,0.000737988998429006,0.0192836525289499,0.0192061636841149,0.00268259000928944
7,Santa Cruz,2023,0.051648160055054,0.016767110044307,0.00676366917060184,0.096528960994514,0.0898833700636608,0.0138520535005124
7,Santa Fe,2023,0.0389104699421693,0.00253130226461149,0.00153501711673233,0.0378182462244944,0.0526739647628703,0.0192652028039892
7,Santiago del Estero,2023,0.00298147555365318,0.000402204004143808,0.000236156479497282,0.0100993794435009,0.00934294072011122,0.000575631418774625
7,Tucumán,2023,0.0102506671881789,0.0016309556865281,0.00063836048364109,0.0405598753536582,0.02549382995073,0.00256082182454865
8,Buenos Aires,2023,0.0368477906915603,0.0045312524503541,0.00212171837048339,0.0289107190134563,0.0372684444206648,0.00716587317474565
8,Catamarca,2023,0.0120218407844085,0.00303682472853536,0.00132838019717221,0.0292132945028122,0.0254901400057379,0.00590391198743205
8,Chaco,2023,0.0311468256786962,0.00228776589512992,0.0013763494820701,0.0792120491463774,0.0339954632126322,0.00319918230818974
8,Chubut,2023,0.00284863753393596,0.000383754279183083,0.000339474939277343,0.00468254019503204,0.00361614609230213,0.00058670125375106
8,Ciudad Autónoma Bs.As.,2023,0.0961894860552366,0.01704754586371,0.0158114142913415,0.159169467181168,0.102746518306278,0.0119480418845656
8,Córdoba,2023,0.0309106691991989,0.00243905363980787,0.00160881601657523,0.0175936577225475,0.0612493969246154,0.0449103204993972
8,Corrientes,2023,0.0319770633019288,0.0032287018681269,0.00115126283754925,0.0525263669631845,0.0299291438312883,0.00348699801757705
8,Entre Ríos,2023,0.020837119370643,0.00457553179025984,0.000826547678240487,0.0219219631983336,0.0187080211101753,0.00322132197814261
8,Formosa,2023,0.00250178270467433,0.00058670125375106,0.000132838019717221,0.0256155981354708,0.00779685376840245,0.000527662133876739
8,Jujuy,2023,0.000730609108444716,2.21396699528702e-05,2.95195599371602e-05,0.000981525367910578,0.000306265434348037,3.32095049293053e-05
8,La Pampa,2023,0.00781899343835532,0.000664190098586105,0.00059408114373535,0.0132690421917535,0.0129886063723505,0.00250178270467433
8,La Rioja,2023,0.00252761231961935,0.000656810208601815,0.000247226314473717,0.0137081456458188,0.0086861305115094,0.00147228805186587
8,Mendoza,2023,0.0135753076261016,0.00228038600514563,0.00225086644520847,0.0164571546649668,0.0422756997750056,0.00342426895271059
8,Misiones,2023,0.0336633681633391,0.00806621975282904,0.00319918230818974,0.100229975821635,0.110613481029532,0.00985584307401938
8,Neuquén,2023,0.00242798380483143,0.00169737469638671,0.000546111858837464,0.00680794851050758,0.00536149007358673,0.00121768184740786
8,Río Negro,2023,0.00439841443063688,0.00109960360765922,0.000870827018146227,0.0101584185633753,0.00585225275754202,0.00149073777682659
8,Salta,2023,0.0303903869553065,0.00589284215245561,0.00334678010787554,0.185593163269919,0.108259296124543,0.0114203797506889
8,San Juan,2023,0.00429140602586467,0.00113281311258852,0.00066050015359396,0.0129369471424605,0.0108078488819928,0.00219182732533415
8,San Luis,2023,0.00243905363980787,0.000273055929418732,0.000206636919560122,0.00390765174668159,0.00355341702743566,0.000446483344049549
8,Santa Fe,2023,0.0270915761323288,0.00187449205600968,0.000907726468067677,0.0232614132304823,0.0364861760823301,0.00988905257894868
8,Santiago del Estero,2023,0.00335784994285198,0.000904036523075532,0.00057932136376677,0.0515485315402661,0.0141583189348605,0.00112174327761209
8,Tucumán,2023,0.00449435300043265,0.00111067344263565,0.000302575489355892,0.0293756520824666,0.0159294925310901,0.00119554217745499
9,Buenos Aires,2023,0.0168851882840557,0.00411428866624171,0.0016715450814417,0.0388477408773029,0.0229772874660871,0.00454601223032268
9,Catamarca,2023,0.0047526491498828,0.0031216934633547,0.000332095049293053,0.0110292455815215,0.00950160835477345,0.00171582442134744
9,Chaco,2023,0.00219551727032629,0.000132838019717221,1.84497249607252e-05,0.00386337240677585,0.00172320431133173,0.000184497249607251
9,Chubut,2023,0.000826547678240487,5.53491748821754e-05,5.53491748821754e-05,0.00147228805186587,0.00111067344263565,0.000177117359622961
9,Ciudad Autónoma Bs.As.,2023,0.138051911991122,0.0119923212244713,0.0168925681740399,0.144767611876826,0.0942559548793526,0.0149332073832109
9,Córdoba,2023,0.0670499904522673,0.00391872158165802,0.00254975198957222,0.0340803319474515,0.0878317606480282,0.0601313435919954
9,Corrientes,2023,0.0245639638127095,0.00156084673167735,0.00102949465280846,0.0365525950921887,0.027656137716127,0.00336522983283627
9,Entre Ríos,2023,0.073706651218097,0.0116085669452883,0.0054574286433825,0.0818392899807846,0.0747988749357719,0.0158630735212315
9,Formosa,2023,0.00299623533362176,0.000453863234033839,9.22486248036257e-05,0.0253536120410285,0.00403310987641452,0.000221396699528702
9,Jujuy,2023,0.00383754279183083,0.000324715159308763,0.000560871638806045,0.00550908787327253,0.00444638371553476,0.000531352078868884
9,La Pampa,2023,0.000302575489355892,2.95195599371602e-05,6.27290648664655e-05,0.00140586904200726,0.000542421913845319,7.37988998429006e-05
9,La Rioja,2023,0.000402204004143808,7.37988998429006e-05,3.32095049293053e-05,0.00330988065795409,0.00153501711673233,0.000180807304615106
9,Mendoza,2023,0.0682012532898166,0.00991857213888584,0.00885586798114807,0.0681975633448244,0.106347904618612,0.0112801618409874
9,Misiones,2023,0.0141583189348605,0.00365673548721572,0.00121399190241571,0.0427295630090394,0.0524045987784437,0.00449435300043265
9,Neuquén,2023,0.0042692663559118,0.00123613157236859,0.000391134169167373,0.00477847876482781,0.00678211889556256,0.000904036523075532
9,Río Negro,2023,0.0682418426847302,0.0126233018181281,0.0179294427168327,0.13526231357706,0.0928722255072982,0.0279587132054829
9,Salta,2023,0.000147597799685801,0.000107008404772206,7.37988998429006e-06,0.00264569055936799,0.00170844453136315,0.000103318459780061
9,San Juan,2023,0.00421760712602177,0.000490762683955289,0.000512902353908159,0.00759021684884233,0.00802563035791544,0.00117709245249426
9,San Luis,2023,0.00596664105229851,0.000844997403201212,0.000332095049293053,0.010457304107739,0.0131952432919106,0.000911416413059822
9,Santa Fe,2023,0.10233693441215,0.00728764135948643,0.00437258481569186,0.133841684755085,0.141841485498055,0.0297261968567204
9,Santiago del Estero,2023,0.00617696791685078,0.00176379370624532,0.0012213717924,0.0642124227533078,0.0160328109908702,0.00327298120803264
9,Tucumán,2023,0.00242798380483143,0.000756438723389731,0.000225086644520847,0.0259366233497874,0.00779685376840245,0.000756438723389731
10,Buenos Aires,2023,0.0196821665881016,0.00271948945921089,0.000929866138020548,0.0258037853300702,0.02177805534364,0.00395931097657162
10,Catamarca,2023,0.00238739440991783,0.00183021271610393,9.96285147879158e-05,0.00725074190956498,0.0031216934633547,0.000553491748821754
10,Chaco,2023,0.00641312439634806,0.000715849328476136,0.000295195599371602,0.0209920970603131,0.0073097810294393,0.000922486248036257
10,Chubut,2023,0.000276745874410877,1.84497249607252e-05,2.58296149450152e-05,0.000472312958994564,0.000490762683955289,0.000103318459780061
10,Ciudad Autónoma Bs.As.,2023,0.154926030440201,0.0111768433812073,0.0174128504179324,0.138214269570776,0.0850975114088487,0.0153649309472919
10,Córdoba,2023,0.00199995018574261,0.000184497249607251,7.74888448350456e-05,0.00218444743534986,0.00247226314473717,0.0054574286433825
10,Corrientes,2023,0.0213647815045197,0.000974145477926288,0.000424343674096678,0.0194607698885729,0.0111251841513173,0.000940935972996983
10,Entre Ríos,2023,0.0929017450672354,0.0130660952171856,0.00495190617945863,0.0848281454244221,0.0890088531005224,0.0139738216852532
10,Jujuy,2023,0.00453494239534624,0.000837617513216922,0.00186711216602539,0.013638036690968,0.010966516516655,0.00172689425632387
10,La Pampa,2023,0.0065717920310103,0.000435413509073114,0.000450173289041694,0.00460136140520485,0.00813263876268765,0.0014833578868423
10,La Rioja,2023,0.000723229218460426,0.000180807304615106,2.95195599371602e-05,0.00366042543220787,0.00174903392627674,0.000357924664238068
10,Mendoza,2023,0.0270436068474309,0.00366780532219216,0.00390396180168944,0.0223684465423832,0.0496592797042878,0.00476740892985138
10,Misiones,2023,0.0111731534362151,0.0064241942313245,0.00149811766681088,0.0526850345978467,0.0568841919989078,0.00500356540934866
10,Neuquén,2023,0.00388920202172086,0.00170844453136315,0.00101104492784774,0.0089481166059517,0.0072027726246671,0.0016309556865281
10,Río Negro,2023,0.00732454080940789,0.00133945003214865,0.000988905257894868,0.01216205869411,0.0119554217745499,0.00234311507001209
10,Salta,2023,0.000291505654379457,0.000114388294756496,4.05893949135953e-05,0.00187449205600968,0.00225455639020061,0.000121768184740786
10,San Juan,2023,0.00996654142378372,0.00184128255108037,0.00139848915202297,0.0216562871588992,0.0239440530540291,0.0032287018681269
10,Santa Fe,2023,0.0250178270467433,0.00233942512501995,0.0010737739927142,0.0441206722710781,0.0348220108908726,0.00762711629876378
10,Santiago del Estero,2023,0.00104794437776919,0.000383754279183083,0.000217706754536557,0.035925304443524,0.00332095049293053,0.000416963784112388
10,Tucumán,2023,0.00757545706887375,0.00145383832690514,0.000494452628947434,0.0564930578297404,0.0221618096228231,0.00207005914059336
11,Buenos Aires,2023,0.145203025385899,0.0265380843835071,0.0346190639163047,0.380237761605569,0.201334468606409,0.0269624280576037
11,Catamarca,2023,0.00320656219817403,0.00348699801757705,0.000162357579654381,0.0143465061294599,0.00675628928061755,0.000918796303044112
11,Chaco,2023,0.028903339123472,0.00264569055936799,0.00133207014216436,0.0573860245178395,0.0416926884662467,0.00816584826761695
11,Chubut,2023,0.000520282243892449,6.64190098586105e-05,0.000114388294756496,0.00119185223246285,0.00149811766681088,0.000250916259465862
11,Ciudad Autónoma Bs.As.,2023,0.202054007879878,0.0128151789577197,0.018674811605246,0.15301463893427,0.0954145976068862,0.0169294676239614
11,Córdoba,2023,0.00285232747892811,8.85586798114807e-05,9.96285147879158e-05,0.00167523502643384,0.00270472967924231,0.00470098991999277
11,Corrientes,2023,0.0265380843835071,0.00138372937205439,0.000878206908130517,0.0419140851657754,0.0237152764645161,0.00329143093299337
11,Entre Ríos,2023,0.0100956894985088,0.00201470996571119,0.000143907854693656,0.0124941537434031,0.00764925596871665,0.00067525993356254
11,Jujuy,2023,0.004605051350197,0.00132838019717221,0.00349806785255349,0.0156601265466635,0.0130328857122562,0.00383016290184654
11,La Pampa,2023,0.00552015770824897,0.000535042023861029,0.000302575489355892,0.00498142573939579,0.00703303515502843,0.00168261491641813
11,La Rioja,2023,0.00060146103371964,0.000110698349764351,6.27290648664655e-05,0.00471574969996135,0.00154239700671662,0.000343164884269488
11,Mendoza,2023,0.0302575489355892,0.00430616580583325,0.00406262943635168,0.0332833038291482,0.057271636223083,0.0051622330440109
11,Misiones,2023,0.0051622330440109,0.00355710697242781,0.000634670538648945,0.032973348449808,0.0242761481033222,0.00171213447635529
11,Neuquén,2023,0.000483382793970999,0.000439103454065259,0.000184497249607251,0.00223241672024774,0.00067525993356254,0.000295195599371602
11,Río Negro,2023,0.014018101025159,0.00464564074511059,0.00228407595013777,0.0345120555115325,0.0321726303865125,0.00504046485927011
11,Salta,2023,0.0158815232461922,0.00223610666523989,0.002188137380342,0.0376189891949186,0.055389764277089,0.00771567497857526
11,San Juan,2023,0.00143169865695227,0.000243536369481572,0.000332095049293053,0.00759021684884233,0.00334678010787554,0
11,Santa Fe,2023,0.0166748614195034,0.0015977461815988,0.000612530868696075,0.0247595308972931,0.0211360049150067,0.00520282243892449
11,Santiago del Estero,2023,0.00104425443277704,0.000228776589512992,0.000188187194599397,0.0163870457101161,0.00303313478354321,0.000269365984426587
11,Tucumán,2023,0.0194164905486671,0.00336153988784412,0.00101473487283988,0.0882782439920777,0.0414048727568594,0.00366042543220787
12,Buenos Aires,2023,0.0502017016181331,0.00858650199672148,0.00850901315188644,0.110495402789783,0.0525595764681138,0.00748320844407012
12,Catamarca,2023,0.00996285147879158,0.00322501192313476,0.000568251528790335,0.0171656241034587,0.0114462093656339,0.00158667634662236
12,Chaco,2023,0.00677104906058613,0.000749058833405441,0.000247226314473717,0.0276339980461741,0.0122247877589765,0.00149442772181874
12,Chubut,2023,0.00662345126090033,0.000760128668381876,0.00101104492784774,0.00780054371339459,0.0112690920060109,0.00202577980068762
12,Ciudad Autónoma Bs.As.,2023,0.239222823785754,0.0134424696063843,0.0195825380733137,0.169206117559802,0.101185671574601,0.018497694245623
12,Córdoba,2023,0.114760979200703,0.00978942406416076,0.00910678424061393,0.0766438474318444,0.166475558265615,0.14176399665322
12,Corrientes,2023,0.0138483635555203,0.000863447128161937,0.000402204004143808,0.016663791584527,0.0100698598835638,0.000867137073154082
12,Entre Ríos,2023,0.0316191386376908,0.00559026666309972,0.00140586904200726,0.041393802921883,0.032464136040892,0.00527662133876739
12,Jujuy,2023,0.00318442252822116,0.00106639410272991,0.00299992527861391,0.0108816477818357,0.0105163432276133,0.00243536369481572
12,La Pampa,2023,0.00450911278040123,0.000402204004143808,0.000505522463923869,0.00944994912488342,0.00706255471496559,0.00132838019717221
12,La Rioja,2023,0.00425081663095107,0.000837617513216922,0.000214016809544412,0.0154276600121584,0.0121140894092121,0.00320656219817403
12,Mendoza,2023,0.0229145584012206,0.0030811040684411,0.00371946455208219,0.0312907335333899,0.0583306504358286,0.00545373869839035
12,Misiones,2023,0.00937984017003267,0.00182283282611964,0.0013357600871565,0.0343533878768702,0.0345895443563675,0.00376005394699579
12,Neuquén,2023,0.00136896959208581,0.000701089548507556,0.000453863234033839,0.00513271348407374,0.00365304554222358,0.000804408008287617
12,Río Negro,2023,0.143900474803672,0.0372610645306805,0.0330028680097451,0.295210359151571,0.307125191531207,0.0456261698278733
12,Salta,2023,0.00726181174454142,0.0010405644877849,0.000712159383483991,0.0168778083940714,0.0249255784219397,0.00288553698385741
12,San Juan,2023,0.0205714433312085,0.00360507625732569,0.00326191137305621,0.0467811226104147,0.0542126718245948,0.0081695382126091
12,Santa Fe,2023,0.0148667883733523,0.00101473487283988,0.000634670538648945,0.0194755296685415,0.0270915761323288,0.00416963784112388
12,Santiago del Estero,2023,0.00102580470781632,0.000420653729104533,0.000154977689670091,0.0265786737784206,0.00474895920489065,0.000284125764395167
12,Tucumán,2023,0.0422830796649899,0.0148557185383759,0.00810680914774263,0.2795539225499,0.181593262898433,0.0155235985819541
13,Buenos Aires,2023,0.0288996491784799,0.00321394208815832,0.00170106464137886,0.0288443000035977,0.0256377378054237,0.00384123273682298
13,Catamarca,2023,0.0161102998357052,0.00633194560652087,0.000568251528790335,0.0277188667809935,0.017302152068168,0.00231359551007493
13,Chaco,2023,0.0597033099729066,0.00454232228533053,0.00172689425632387,0.0826805974389937,0.0738468691277985,0.0112321925560895
13,Chubut,2023,0.00301837500357463,0.000730609108444716,0.000324715159308763,0.00454232228533053,0.00366411537720001,0.000464933069010274
13,Ciudad Autónoma Bs.As.,2023,0.322209686659096,0.01333177125662,0.0143428161844677,0.138468875775234,0.102001149417865,0.0159442523110587
13,Córdoba,2023,0.134236508869244,0.0102359074082103,0.00744630899414867,0.0829278237534674,0.218835877704153,0.171999405918856
13,Corrientes,2023,0.0141583189348605,0.00136527964709366,0.000321025214316618,0.0273904616766926,0.00903298534077103,0.000671569988570395
13,Entre Ríos,2023,0.104720638877076,0.0202061387769862,0.00664190098586106,0.153051538384192,0.116052459947953,0.0186895713852146
13,Jujuy,2023,0.000634670538648945,6.64190098586105e-05,0.000114388294756496,0.00199257029575832,0.00101104492784774,0.000140217909701511
13,La Pampa,2023,0.000154977689670091,7.37988998429006e-06,1.10698349764351e-05,0.000258296149450152,0.000225086644520847,4.42793399057404e-05
13,La Rioja,2023,0.000568251528790335,0.000180807304615106,4.42793399057404e-05,0.00449804294542479,0.00217337760037342,0.000284125764395167
13,Mendoza,2023,0.0157892746213886,0.00226562622517705,0.00252023242963506,0.018368546170898,0.0419472946707047,0.00353865724746708
13,Misiones,2023,0.012542123028301,0.0108964075618043,0.00166416519145741,0.0657511298150323,0.0674964737963169,0.00495928606944292
13,Neuquén,2023,0.00182652277111179,0.000763818613374021,0.000324715159308763,0.00402941993142237,0.00340212928275772,0.000896656633091242
13,Río Negro,2023,0.000992595202887013,0.000494452628947434,0.000446483344049549,0.00421760712602177,0.00261986094442297,0.000368994499214503
13,Salta,2023,0.00231728545506708,0.000321025214316618,0.000151287744677946,0.00796290129304897,0.00871934001643871,0.00102580470781632
13,San Juan,2023,0.0126897208279868,0.00147966794185016,0.000904036523075532,0.0188002697349789,0.0197522755429523,0.00237263462994925
13,Santa Fe,2023,0.752730328672625,0.0691163596478686,0.0719686871267967,0.970075468599952,0.81112370817332,0.200913814877305
13,Santiago del Estero,2023,0.00357186675239639,0.00103318459780061,0.000461243124018129,0.0352500445099615,0.0126048520931674,0.00132838019717221
13,Tucumán,2023,0.00721753240463568,0.00197781051578974,0.000819167788256197,0.070577577864758,0.0293719621374744,0.00207743903057765
14,Buenos Aires,2023,0.0307778311794817,0.00430985575082539,0.00166047524646526,0.0353976423096473,0.0288996491784799,0.00598509077725924
14,Catamarca,2023,0.000996285147879158,0.000915106358051967,6.64190098586105e-05,0.00140217909701511,0.00131362041720363,0.000140217909701511
14,Chaco,2023,0.0185272138055602,0.00123982151736073,0.000250916259465862,0.0321246611016146,0.0202873175668134,0.00277483863409306
14,Chubut,2023,0.00543897891842177,0.000782268338334746,0.000822857733248342,0.00888907748607738,0.0115236982104689,0.0018929417809704
14,Ciudad Autónoma Bs.As.,2023,0.298660457719227,0.0112654020610188,0.01333177125662,0.130841759476471,0.0956433741963992,0.0133612908165572
14,Córdoba,2023,0.0272650035469596,0.00171582442134744,0.000892966688099097,0.0133243913666357,0.0475597010037573,0.037375452825437
14,Corrientes,2023,0.0152468527075433,0.00057932136376677,0.000295195599371602,0.017021716248765,0.00793707167810396,0.000712159383483991
14,Entre Ríos,2023,0.019184024014162,0.00419915740106104,0.000453863234033839,0.0286967022039119,0.0165826127946998,0.00201470996571119
14,Jujuy,2023,0.00160143612659094,0.000195567084583687,0.000154977689670091,0.0028597073689124,0.00174165403629245,0.000166047524646526
14,La Pampa,2023,4.42793399057404e-05,3.68994499214503e-06,0,0.000221396699528702,0.000129148074725076,7.37988998429006e-06
14,La Rioja,2023,0.00242798380483143,0.000428033619088823,8.11787898271907e-05,0.00776733420846529,0.0059408114373535,0.0017785534862139
14,Mendoza,2023,0.0074573788291251,0.00104794437776919,0.000911416413059822,0.0178187443670683,0.0154756292970563,0.00128041091227433
14,Misiones,2023,0.0221064604479409,0.00609578912702359,0.00499618551936437,0.073555363473419,0.0813817368017586,0.00863078133662723
14,Neuquén,2023,0.00867875062152511,0.00266045033933657,0.00215861782040484,0.0155789477568363,0.0128188689027118,0.00301468505858249
14,Salta,2023,0.0011881622874707,0.000236156479497282,7.74888448350456e-05,0.00340950917274201,0.00383016290184654,0.000328405104300908
14,San Juan,2023,0.00599985055722782,0.00100366503786345,0.000767508558366166,0.0179921717816992,0.0123207263287723,0.00188556189098611
14,Santa Fe,2023,0.0588140332297996,0.00428033619088823,0.00331726054793838,0.0428476412487881,0.0672972167667411,0.0263129977389862
14,Santiago del Estero,2023,0.0023357351800278,0.000568251528790335,0.000284125764395167,0.0294900403772231,0.00750903805901514,0.000568251528790335
14,Tucumán,2023,0.00456077201029126,0.00152763722674804,0.000391134169167373,0.024298287773275,0.0183833059508665,0.0016715450814417
15,Buenos Aires,2023,0.021320502164614,0.00327667115302479,0.00142800871196013,0.0281469004000823,0.0217337760037342,0.00343533878768702
15,Catamarca,2023,0.0108521282218985,0.00344640862266346,0.000391134169167373,0.0225308041220376,0.0148040593084859,0.00220658710530273
15,Chaco,2023,0.0142800871196013,0.00106270415773777,0.000461243124018129,0.0381429613838032,0.0159405623660665,0.00219551727032629
15,Chubut,2023,0.0933371585763085,0.0128004191777511,0.0173206017931288,0.147177145956697,0.160036604254322,0.0333829323439361
15,Ciudad Autónoma Bs.As.,2023,0.167759659122882,0.0123945252286152,0.0175641381626103,0.170021595403067,0.0781677947136003,0.0147450201886115
15,Córdoba,2023,0.00671200994071181,0.000487072738963144,0.000265676039434442,0.00521758221889307,0.010379815262904,0.0113613406308145
15,Corrientes,2023,0.0188925183597826,0.00104425443277704,0.000420653729104533,0.0280066824903808,0.0122395475389451,0.000992595202887013
15,Entre Ríos,2023,0.0467516030504775,0.00910309429562179,0.0028597073689124,0.0476630194635374,0.0504821374375362,0.0112395724460738
15,Jujuy,2023,0.00569358512287978,0.00146121821688943,0.00256820171453294,0.0197633453779288,0.0178187443670683,0.00312907335333899
15,La Pampa,2023,0.0350766170953307,0.0033762996678127,0.00407000932633597,0.0476925390234745,0.0568878819438999,0.0127930392877668
15,La Rioja,2023,0.00102949465280846,0.000291505654379457,9.96285147879158e-05,0.0047120597549692,0.00276007885412448,0.000874516963138372
15,Mendoza,2023,0.00678211889556256,0.000442793399057404,0.000236156479497282,0.012187888309055,0.00736882014931362,0.000538731968853174
15,Misiones,2023,0.00359400642234926,0.0033025007679698,0.00137265953707795,0.0339511838727264,0.0220769408880037,0.00226562622517705
15,Neuquén,2023,0.0246266928775759,0.0039334813616266,0.00459398151522056,0.0224348655522418,0.0302021997607071,0.00547587836834322
15,Salta,2023,0.00900346578083387,0.00150918750178732,0.00065312026360967,0.0298590348764376,0.0213943010644569,0.00506998441920727
15,San Juan,2023,0.0153095817724097,0.0015239472817559,0.00190032167095469,0.0382757994035204,0.0272428638770068,0.00482275810473355
15,Santa Fe,2023,0.0526038558080195,0.00465302063509488,0.00453494239534624,0.0676699012109477,0.0654854537755978,0.023534469159901
15,Santiago del Estero,2023,0.000446483344049549,6.64190098586105e-05,1.10698349764351e-05,0.00138372937205439,0.000509212408916014,6.64190098586105e-05
15,Tucumán,2023,0.0656441214102601,0.00733930058937646,0.00354603713745137,0.0703377314402686,0.0829204438634831,0.0112875417309716
16,Buenos Aires,2023,0.0731347097443145,0.0101842481783203,0.00777102415345743,0.0882265847621877,0.0634633639199024,0.00811418903772692
16,Catamarca,2023,0.00853484276683145,0.00512533359408945,0.000690019713531121,0.0212577730997475,0.0211581445849596,0.00392979141663446
16,Chaco,2023,0.0107561896521028,0.000863447128161937,0.000431723564080968,0.026918148717698,0.0143797156343892,0.00154977689670091
16,Córdoba,2023,0.0625445676168582,0.00385230257179941,0.00246488325475288,0.0261174306544025,0.101860931508164,0.0823152928847713
16,Corrientes,2023,0.0116048770002961,0.000575631418774625,0.000298885544363747,0.0128446985176568,0.00710314410987918,0.000612530868696075
16,Entre Ríos,2023,0.0105015834476448,0.00230621562009064,0.000280435819403022,0.0175678281076025,0.00817322815760124,0.00108484382769064
16,Jujuy,2023,0.00121030195742357,0.000365304554222358,0.000516592298900304,0.00309586384840968,0.00264200061437584,0.000402204004143808
16,La Pampa,2023,0.00402572998643023,0.000527662133876739,0.000435413509073114,0.00735775031433719,0.011678675900139,0.0021143384804991
16,La Rioja,2023,0.00129148074725076,0.000442793399057404,0.000121768184740786,0.0118890027646913,0.00443531388055833,0.0010737739927142
16,Mendoza,2023,0.0882671741571012,0.0123317961637487,0.00963813631948282,0.110845947564037,0.17723543786271,0.0216193877089777
16,Misiones,2023,0.0268185202029101,0.0054906381483118,0.00280804813902237,0.0718727485570009,0.0955732652415484,0.00843890419703568
16,Neuquén,2023,0.00923962226033115,0.0021549278754127,0.00152763722674804,0.00851270309687858,0.0119701815545185,0.00232097540005922
16,Salta,2023,0.00140217909701511,0.000265676039434442,0.000118078239748641,0.00670094010573537,0.00534673029361815,0.000597771088727495
16,San Juan,2023,0.00373422433205077,0.000343164884269488,0.000295195599371602,0.00612530868696075,0.00536886996357102,0.00117340250750212
16,Santa Fe,2023,0.136214319385034,0.00874516963138372,0.00684853790542118,0.0981857462959871,0.164387049400061,0.0492755254251047
16,Santiago del Estero,2023,0.00502201513430939,0.00125089135233717,0.000431723564080968,0.0547218842335108,0.0213057423846454,0.0013025505822272
16,Tucumán,2023,0.0446889237998685,0.0119443519395735,0.00658286186598673,0.147889305340181,0.151796957086862,0.0183058171060315
17,Buenos Aires,2023,0.0295675292220581,0.00449804294542479,0.00488179722460787,0.0605593772110842,0.0399215148700171,0.00528031128375954
17,Chaco,2023,0.00747582855408583,0.00109222371767493,0.000210326864552267,0.0267631710280279,0.012442494513513,0.00108115388269849
17,Córdoba,2023,0.0218666140234514,0.00116233267252568,0.000822857733248342,0.0108484382769064,0.0287557413237862,0.0240658212387699
17,Corrientes,2023,0.0160217411558937,0.00111067344263565,0.000450173289041694,0.0256008383555022,0.0119701815545185,0.0010405644877849
17,Entre Ríos,2023,0.0634596739749102,0.0113023015109402,0.00224717650021632,0.0522717607587265,0.0590538796542891,0.00621017742178009
17,La Pampa,2023,0.00702934521003628,0.000339474939277343,0.000487072738963144,0.0054574286433825,0.00728395141449429,0.00154977689670091
17,La Rioja,2023,0.00297040571867675,0.000771198503358311,0.000339474939277343,0.0188629987998454,0.00953112791471061,0.0028191179739988
17,Mendoza,2023,0.0120771899592907,0.00208850886555409,0.00138741931704653,0.0200659208672847,0.026028871974591,0.00463088096514201
17,Misiones,2023,0.00793707167810396,0.00364566565223929,0.00121768184740786,0.0383090089084497,0.0453752535684074,0.00322132197814261
17,Salta,2023,0.00442424404558189,0.000918796303044112,0.000697399603515411,0.0148261989784387,0.0138299138305596,0.00342795889770273
17,San Juan,2023,0.0104277845478019,0.0014095589869994,0.00123982151736073,0.0281173808401451,0.0136860059758659,0.00329881082297766
17,Santa Fe,2023,0.0305232249750237,0.00224717650021632,0.00122875168238429,0.0222798878625717,0.0404307272789331,0.0151029448528496
17,Santiago del Estero,2023,0.00297040571867675,0.000904036523075532,0.000250916259465862,0.0218850637484122,0.00875623946636016,0.00173427414630816
17,Tucumán,2023,0.00405155960137524,0.00152763722674804,0.000715849328476136,0.0258406847799916,0.0145088637091143,0.00165309535648097
18,Buenos Aires,2023,0.0125753325332303,0.00166047524646526,0.00064574037362538,0.0102691169131396,0.0127930392877668,0.00259403132947796
18,Chaco,2023,0.00399621042649307,0.000413273839120243,0.000132838019717221,0.0163722859301475,0.00564192589298975,0.000664190098586105
18,Córdoba,2023,0.0173796409130031,0.0016715450814417,0.0018929417809704,0.0172652526182466,0.0317482867124158,0.0372573745856884
18,Corrientes,2023,0.00871934001643871,0.000450173289041694,0.000177117359622961,0.0134018802114707,0.00412535850121814,0.000339474939277343
18,Entre Ríos,2023,0.0138815730604496,0.00471943964495349,0.000394824114159518,0.0148778582083288,0.0142025982747662,0.00232466534505137
18,La Pampa,2023,0.00572310468281694,0.000523972188884594,0.000380064334190938,0.00859019194171363,0.00790017222818251,0.00160512607158309
18,La Rioja,2023,0.00116233267252568,0.000291505654379457,9.22486248036257e-05,0.00666035071082178,0.00290398670881814,0.000686329768538976
18,Mendoza,2023,0.0248443996321125,0.00286339731390454,0.00213278820545983,0.0295822890020267,0.0352721841799143,0.00935401055508765
18,Salta,2023,0.00142431876696798,0.000306265434348037,0.000236156479497282,0.00844997403201212,0.00521389227390093,0.000682639823546831
18,San Juan,2023,0.00497035590441936,0.000627290648664655,0.000409583894128098,0.00618065786184293,0.00733930058937646,0.00109222371767493
18,Santa Fe,2023,0.0426705238891651,0.00342426895271059,0.0027453190741559,0.0406668837584304,0.0581129436812921,0.0210695859051481
18,Santiago del Estero,2023,0.00225455639020061,0.000656810208601815,0.000199257029575832,0.0409067301829198,0.00856805227176076,0.000483382793970999
19,Buenos Aires,2023,0.0152874421024569,0.00261986094442297,0.00111805333261994,0.0175124789327203,0.0192652028039892,0.00280804813902237
19,Chaco,2023,0.0155568080868834,0.00105532426775348,0.000442793399057404,0.0296339482319167,0.0168261491641813,0.00247964303472146
19,Córdoba,2023,0.0255897685205258,0.00245750336476859,0.0028191179739988,0.0331873652593524,0.0462571504215301,0.0372536846406962
19,Corrientes,2023,0.0354050221996316,0.00195198090084472,0.000918796303044112,0.0323940270860412,0.0306449931597645,0.0027859084690695
19,La Pampa,2023,0.0117524747999819,0.000856067238177647,0.000546111858837464,0.0124498744034973,0.0150328358979989,0.00319180241820545
19,Salta,2023,0.00121399190241571,0.000302575489355892,6.64190098586105e-05,0.00656441214102601,0.00532090067867313,0.000317335269324473
19,San Juan,2023,0.00472681953493778,0.000907726468067677,0.000446483344049549,0.00642050428633235,0.00800349068796257,0.00106639410272991
19,Santa Fe,2023,0.0963223240749539,0.0103945750428725,0.00918427308544898,0.129775365373741,0.160505227268325,0.0409251799078805
19,Santiago del Estero,2023,0.0022287267752556,0.000387444224175228,0.000236156479497282,0.0115974971103118,0.00666773060080607,0.00117709245249426
20,Buenos Aires,2023,0.00933925077511907,0.00174165403629245,0.000546111858837464,0.0125531928632774,0.00673414961066468,0.00128041091227433
20,Chaco,2023,0.0244348157379844,0.00111805333261994,0.000575631418774625,0.0266192631733342,0.0206895215709572,0.00380064334190938
20,Córdoba,2023,0.111122693438448,0.00780423365838674,0.00478216870981996,0.0631349588156015,0.187227808901439,0.159852107004715
20,Corrientes,2023,0.00612530868696075,0.000416963784112388,0.000143907854693656,0.0106159717424012,0.0033025007679698,0.000822857733248342
20,La Pampa,2023,0.00788910239320607,0.000664190098586105,0.00110698349764351,0.0163649060401632,0.0151546040827396,0.00309955379340183
20,Salta,2023,0.00280804813902237,0.00056456158379819,0.000346854829261633,0.00759390679383447,0.00828023656237345,0.000833927568224777
20,Santiago del Estero,2023,0.00246857319974502,9.96285147879158e-05,8.11787898271907e-05,0.00474526925989851,0.00335415999785983,0.000487072738963144
21,Buenos Aires,2023,0.0101288990034381,0.0019667406808133,0.000490762683955289,0.0149442772181874,0.0121214692991964,0.00212540831547554
21,Chaco,2023,0.0106122817974091,0.000693709658523266,0.000387444224175228,0.0253351623160678,0.0133686707065414,0.00187818200100182
21,Córdoba,2023,0.0664263897485948,0.00585594270253416,0.00418808756608461,0.0389695090620437,0.108436413484166,0.100336984226408
21,Corrientes,2023,0.0299660432812098,0.000808097953279762,0.000619910758680365,0.0148999978782816,0.0201544795470962,0.00131731036219578
21,La Pampa,2023,0.00252761231961935,0.000214016809544412,0.000132838019717221,0.00601830028218854,0.00488179722460787,0.000970455532934143
21,Salta,2023,0.0165826127946998,0.0028597073689124,0.00184866244106466,0.0359474441134769,0.0487367934562516,0.00732823075440003
21,Santiago del Estero,2023,0.00788910239320607,0.0020405395806562,0.000870827018146227,0.0790127921168015,0.028087861280208,0.00209957870053052
22,Buenos Aires,2023,0.0209773372803445,0.00267890006429729,0.00178962332119034,0.0267631710280279,0.0244126760680315,0.00340212928275772
22,Chaco,2023,0.0037858835619408,0.000225086644520847,0.000136527964709366,0.00722122234962782,0.00566037561795048,0.000568251528790335
22,Córdoba,2023,0.00373053438705862,9.96285147879158e-05,7.37988998429006e-05,0.00116602261751783,0.00183021271610393,0.00426557641091965
22,Corrientes,2023,0.00656441214102601,0.000321025214316618,9.59385697957708e-05,0.00761604646378734,0.00362721592727856,0.000409583894128098
22,La Pampa,2023,0.00966396593442783,0.000726919163452571,0.00067525993356254,0.0111989830511602,0.014376025689397,0.0023357351800278
22,Salta,2023,0.000232466534505137,0.000107008404772206,4.05893949135953e-05,0.00216968765538128,0.00133207014216436,0.000177117359622961
22,Santiago del Estero,2023,0.0080551499178526,0.00317704263823687,0.00195567084583687,0.103222521210265,0.0296819175168146,0.0023357351800278
23,Buenos Aires,2023,0.00649430318617525,0.000929866138020548,0.000317335269324473,0.00956802736463206,0.00580059352765199,0.000889276743106952
23,Chaco,2023,0.00705148487998915,0.000250916259465862,0.000140217909701511,0.0100698598835638,0.00670094010573537,0.000911416413059822
23,Córdoba,2023,0.06554080295048,0.00404048976639881,0.00270472967924231,0.0334419714638104,0.0953223489820826,0.088160165752329
23,Corrientes,2023,0.00694816642020909,0.00059408114373535,0.000188187194599397,0.0169220877339771,0.00474895920489065,0.000416963784112388
23,Salta,2023,0.0010737739927142,0.000361614609230213,0.000321025214316618,0.00640943445135592,0.00661238142592389,0.000881896853122662
23,Santiago del Estero,2023,0.00101473487283988,0.000413273839120243,0.000188187194599397,0.0188851384697983,0.00273424923917947,0.000324715159308763
24,Buenos Aires,2023,0.0152689923774961,0.00269365984426587,0.00113281311258852,0.025187564516382,0.0160254311008859,0.00445376360551905
24,Chaco,2023,0.0176969761823276,0.00105532426775348,0.000357924664238068,0.0407037832083518,0.0170143363587807,0.00206636919560122
24,Córdoba,2023,0.0136675562509052,0.000682639823546831,0.000309955379340183,0.00584856281254987,0.0192135435740992,0.014272707229617
24,Corrientes,2023,0.0111731534362151,0.000276745874410877,0.000114388294756496,0.00915844347050396,0.00554598732319398,0.000339474939277343
24,Santiago del Estero,2023,0.00059408114373535,0.000317335269324473,0.000129148074725076,0.0183500964459372,0.00240584413487856,0.000221396699528702
25,Buenos Aires,2023,0.0138557434455046,0.0020405395806562,0.000642050428633235,0.0111805333261994,0.0115827373303432,0.00154239700671662
25,Chaco,2023,0.0330877367445645,0.00322132197814261,0.000690019713531121,0.0966396593442783,0.0360839720781862,0.00396669086655591
25,Córdoba,2023,0.00701827537505985,0.000354234719245923,0.000247226314473717,0.0042286769609982,0.00922855242535472,0.0121509888591336
25,Corrientes,2023,0.00311800351836255,0.000147597799685801,4.42793399057404e-05,0.00240215418988641,0.00176748365123747,0.000121768184740786
25,Santiago del Estero,2023,0.000985215312902723,0.000361614609230213,0.000114388294756496,0.0189478675346647,0.00482275810473355,0.000324715159308763
26,Buenos Aires,2023,0.0169626771288907,0.00266045033933657,0.00140217909701511,0.0130402656022405,0.0184755545756702,0.00238739440991783
26,Córdoba,2023,0.0636109617195882,0.00398514059151663,0.00276745874410877,0.0412978643520872,0.0921194767289007,0.0596442708530323
26,Santiago del Estero,2023,0.000420653729104533,0.000169737469638671,4.42793399057404e-05,0.0074241693241958,0.00109960360765922,7.37988998429006e-05
27,Buenos Aires,2023,0.0444158678704497,0.00526555150379096,0.00328405104300908,0.0276192382662055,0.055795658226225,0.00604043995214141
27,Santiago del Estero,2023,0.00688543735534263,0.00187818200100182,0.000848687348193357,0.0701495442456692,0.0229256282361971,0.00219182732533415
28,Buenos Aires,2023,0.0264679754286563,0.00467516030504775,0.00265676039434442,0.026180159719269,0.0314863006179735,0.00774888448350456
29,Buenos Aires,2023,0.0299918728961548,0.00414749817117101,0.00282280791899095,0.0493677740499084,0.0376116093049343,0.00740571959923507
30,Buenos Aires,2023,0.0321541806615518,0.00464933069010274,0.00219551727032629,0.0308737697492775,0.0263425172989234,0.00554598732319398
31,Buenos Aires,2023,0.0383754279183083,0.00943149939992269,0.00287815709387312,0.058467178400538,0.0463936783862395,0.0218629240784593
32,Buenos Aires,2023,0.0133539109265729,0.00207005914059336,0.000568251528790335,0.0139037127304025,0.0133354612016121,0.00138372937205439
33,Buenos Aires,2023,0.0263867966388291,0.00370470477211361,0.000841307458209067,0.0240067821188956,0.0199810521324653,0.00242429385983928
34,Buenos Aires,2023,0.0282834283647917,0.00564930578297404,0.00601092039220425,0.089990378468433,0.0348589103407941,0.00401466015145379
35,Buenos Aires,2023,0.109502807586896,0.0204791947064049,0.0194607698885729,0.233603037562718,0.165095518838553,0.0199367727925596
36,Buenos Aires,2023,0.129576108344165,0.0251543550114527,0.0279845428204279,0.303937079057994,0.181349726528952,0.0234938797649874
37,Buenos Aires,2023,0.0231322651557572,0.00365673548721572,0.00209957870053052,0.0308590099693089,0.0300435321260448,0.00423974679597464
38,Buenos Aires,2023,0.115281261444595,0.0382425898985911,0.0373902126054056,0.509337867045747,0.220389344545846,0.0270472967924231
39,Buenos Aires,2023,0.0314161916631228,0.00428771608087252,0.00285232747892811,0.0387038330226092,0.0291394956029693,0.00376374389198793
40,Buenos Aires,2023,0.00908095462566892,0.00112543322260423,0.000184497249607251,0.00812525887270336,0.00708100443992631,0.000859757183169792
41,Buenos Aires,2023,0.0144350648092714,0.00160881601657523,0.000435413509073114,0.0121657486391022,0.0139332322903396,0.00188187194599397
42,Buenos Aires,2023,0.0166305820795977,0.00195567084583687,0.000778578393342601,0.0153833806722526,0.0123834553936387,0.00201470996571119
43,Buenos Aires,2023,0.00273055929418732,0.00057194147378248,8.85586798114807e-05,0.00357186675239639,0.0014833578868423,0.000309955379340183
44,Buenos Aires,2023,0.00809942925775834,0.00180807304615106,0.000416963784112388,0.00737251009430577,0.00794445156808825,0.0010405644877849
45,Buenos Aires,2023,0.0107893991570321,0.00157191656665378,0.00101473487283988,0.0173206017931288,0.0104130247678333,0.00173427414630816
46,Buenos Aires,2023,0.0049002469495686,0.000464933069010274,0.000184497249607251,0.00454970217531482,0.00376374389198793,0.000376374389198793
47,Buenos Aires,2023,0.0169885067438357,0.0027453190741559,0.0014833578868423,0.0145088637091143,0.0155568080868834,0.00260879110944654
48,Buenos Aires,2023,0.00896287638592028,0.00143169865695227,0.000549801803829609,0.0137487350407324,0.00956802736463206,0.000904036523075532
49,Buenos Aires,2023,0.00883741825618735,0.00131731036219578,0.000446483344049549,0.0119849413344871,0.0080551499178526,0.000944625917989128
50,Buenos Aires,2023,0.449258182683642,0.0564155689849054,0.0550724290077646,0.520245344442528,0.418675918588744,0.0602199022718069
51,Buenos Aires,2023,0.0462829800364751,0.010228527518226,0.00794445156808825,0.115609666548896,0.0712749774682734,0.00732454080940789
52,Buenos Aires,2023,0.2322488277506,0.0265454642734913,0.0376374389198793,0.419140851657754,0.233551378332828,0.0316744878125729
53,Buenos Aires,2023,0.182478849696548,0.0223278571474696,0.026128500489379,0.278878662616337,0.178364561030306,0.0203463566866877
54,Buenos Aires,2023,0.0142837770645934,0.00175272387126889,0.000752748778397586,0.0167855597692677,0.0121177793542043,0.00201102002071904
55,Buenos Aires,2023,0.0213020524396533,0.00395931097657162,0.000634670538648945,0.0162984870303046,0.0247964303472146,0.00526555150379096
56,Buenos Aires,2023,0.00713635361480849,0.00195936079082901,0.000439103454065259,0.0110366254715058,0.00853115282183931,0.00161619590655952
57,Buenos Aires,2023,0.00845735392199641,0.00117709245249426,0.000416963784112388,0.0104757538326997,0.00774519453851242,0.000966765587941998
58,Buenos Aires,2023,0.00688174741035048,0.000977835422918433,0.000324715159308763,0.00770829508859097,0.00655703225104172,0.000977835422918433
59,Buenos Aires,2023,0.0102211476282417,0.00455339212030697,0.00112174327761209,0.0201876890520255,0.0138336037755517,0.00283387775396738
60,Buenos Aires,2023,0.0677732196707277,0.0075385576189523,0.00521020232890878,0.0808762143378348,0.0629762911809392,0.0145457631590357
61,Buenos Aires,2023,0.485906716345626,0.0978499613017019,0.129229253514903,1.55754423090938,0.660319346289345,0.0938316112052559
62,Buenos Aires,2023,0.278184952957814,0.0302354092656364,0.0428365714138117,0.4861539426601,0.214131197839168,0.0324124768110019
63,Buenos Aires,2023,0.477091437759392,0.0459582648771664,0.0619800060330601,0.631622644085433,0.359120206415523,0.0528289424525404
64,Buenos Aires,2023,0.0079075521181668,0.00138003942706224,0.000416963784112388,0.0109738964066393,0.00755331739892088,0.000848687348193357
65,Buenos Aires,2023,0.0167486603193463,0.00303682472853536,0.00150180761180303,0.0217005664988049,0.0179995516716835,0.00346116840263204
66,Buenos Aires,2023,0.0115716674953668,0.00190401161594684,0.000590391198743205,0.0164202552150454,0.0130476454922248,0.00201839991070333
67,Buenos Aires,2023,0.0361245614730998,0.00399621042649307,0.00205898930561693,0.0320545521467639,0.0304900154700944,0.00545004875339821
68,Buenos Aires,2023,0.0121989581440315,0.00203684963566406,0.000649430318617525,0.0134313997714079,0.0118410334797934,0.00182652277111179
69,Buenos Aires,2023,0.0309032893092146,0.00374898411201935,0.00182283282611964,0.0271247856372581,0.0256930869803058,0.00500356540934866
70,Buenos Aires,2023,0.311892600461059,0.0443568287505754,0.0576922899521875,0.722660966931635,0.315124992274178,0.0440025940313295
71,Buenos Aires,2023,0.0734631148486154,0.00941304967496197,0.0083171360122949,0.0979126903665684,0.0729206929347701,0.00952005807973418
72,Buenos Aires,2023,0.0129996762073269,0.00239846424489427,0.000837617513216922,0.0127007906629632,0.0107229801471735,0.00145752827189729
73,Buenos Aires,2023,0.0117635446349584,0.00124351146235288,0.000450173289041694,0.0101473487283988,0.00711790388984776,0.000874516963138372
74,Buenos Aires,2023,0.0215677284790877,0.00318811247321331,0.00253499220960364,0.0337334771181899,0.0240732011287542,0.00311431357337041
75,Buenos Aires,2023,0.0233942512501995,0.00675628928061755,0.00372315449707433,0.0696846111766589,0.0330582171846273,0.00494821623446649
76,Buenos Aires,2023,0.0506444950171905,0.00532828056865742,0.00483013799471784,0.0584487286755773,0.0477737178133017,0.00572679462780909
77,Buenos Aires,2023,0.178977091899003,0.0451759965388316,0.049563341134492,0.595586641292145,0.2774395840694,0.0355304803293645
78,Buenos Aires,2023,0.0178667136519662,0.00260879110944654,0.00113281311258852,0.018014311451652,0.0154276600121584,0.00273793918417161
79,Buenos Aires,2023,0.142369147631932,0.0349363991856291,0.0399104450350406,0.514920753818862,0.25275385207195,0.0299070041613355
80,Buenos Aires,2023,0.22832641622395,0.0187227808901439,0.0322648790113161,0.316302084726672,0.177117359622961,0.0291948447778515
81,Buenos Aires,2023,0.0136011372410466,0.00294088615873959,0.000413273839120243,0.0142874670095856,0.0141103496499626,0.00180438310115892
82,Buenos Aires,2023,0.0668765630376365,0.0137339752607638,0.00623969698171725,0.0640611350086299,0.0739095981926649,0.0124055950635916
83,Buenos Aires,2023,0.041242515177205,0.0035644868624121,0.00265676039434442,0.0333128233890853,0.0377223076546986,0.00646847357123024
84,Buenos Aires,2023,0.0697510301865175,0.00954957763967134,0.00842783436205925,0.0890531324404281,0.0860273775468692,0.0178371940920291
85,Buenos Aires,2023,0.0288848893985113,0.00499249557437223,0.00197043062580545,0.0356264188991603,0.0286044535791083,0.00470836980997706
86,Buenos Aires,2023,0.005571816938139,0.000878206908130517,0.000143907854693656,0.00439103454065259,0.00518806265895591,0.000568251528790335
87,Buenos Aires,2023,0.0809352534577091,0.00854222265681574,0.00498880562938008,0.074902193395552,0.0781788645485767,0.015571567866852
88,Buenos Aires,2023,0.00253868215459578,0.000605150978711785,0.000114388294756496,0.00399252048150092,0.00313645324332328,0.000402204004143808
89,Buenos Aires,2023,0.158497897192598,0.0249624778718611,0.0244163660130237,0.334076549753835,0.230569902779174,0.0244680252429137
90,Buenos Aires,2023,0.0220215917131215,0.00239108435490998,0.00203315969067191,0.0224201057722732,0.0282391490248859,0.00318073258322902
91,Buenos Aires,2023,0.0139996513001982,0.00147966794185016,0.000741678943421151,0.00823595722246771,0.0130181259322877,0.00247595308972932
92,Buenos Aires,2023,0.307951739209448,0.0416631689063095,0.0486002654915422,0.653714344753406,0.300686237519914,0.0371761957958612
93,Buenos Aires,2023,0.0229846673560714,0.0040072802614695,0.00144276849192871,0.0338810749178757,0.02432411738822,0.00430985575082539
94,Buenos Aires,2023,0.0112949216209559,0.00227669606015348,0.000690019713531121,0.0148151291434623,0.0101399688384145,0.00228407595013777
95,Buenos Aires,2023,0.0142690172846248,0.00280804813902237,0.000520282243892449,0.0123465559437173,0.0147450201886115,0.00169368475139457
96,Buenos Aires,2023,0.0197965548828581,0.00280066824903808,0.00101473487283988,0.0162615875803831,0.0175087889877282,0.00413642833619458
97,Buenos Aires,2023,0.0115126283754925,0.00162726574153596,0.000487072738963144,0.0107709494320713,0.00876730930133659,0.001450148381913
98,Buenos Aires,2023,0.0150254560080146,0.00319918230818974,0.000911416413059822,0.011195293106168,0.0173316716281052,0.00313645324332328
99,Buenos Aires,2023,0.0262465787291276,0.00398514059151663,0.00135789975710937,0.0227042315366684,0.0263646569688762,0.00410321883126527
100,Buenos Aires,2023,0.00752010789399157,0.00106639410272991,0.000228776589512992,0.00772305486855955,0.00594819132733779,0.000974145477926288
101,Buenos Aires,2023,0.0219514827582708,0.00277852857908521,0.00173427414630816,0.0284015066045403,0.0273166627768497,0.00539838952350818
102,Buenos Aires,2023,0.0156121572617656,0.00267890006429729,0.00103687454279275,0.0201544795470962,0.0178999231568955,0.00351282763252207
103,Buenos Aires,2023,0.0197744152129052,0.00223610666523989,0.00137265953707795,0.0183648562259058,0.0171877637734115,0.00258296149450152
104,Buenos Aires,2023,0.00859757183169792,0.000797028118303326,0.000210326864552267,0.00484858771967857,0.0059740209422828,0.00101842481783203
105,Buenos Aires,2023,0.0954293573868548,0.00966027598943569,0.013025505822272,0.166047524646526,0.0945474605337321,0.0110292455815215
106,Buenos Aires,2023,0.316530861316185,0.0168741184490792,0.0229477679061499,0.212939345606705,0.181036081204619,0.024449575517953
107,Buenos Aires,2023,0.0950234634377188,0.0141693887698369,0.0103355359229982,0.122181458579906,0.104222496303136,0.0205714433312085
108,Buenos Aires,2023,0.0365894945421101,0.00750534811402299,0.00273793918417161,0.0531056883269513,0.0488142823010866,0.0102728068581318
109,Buenos Aires,2023,0.0304937054150865,0.00829130639734988,0.00511426375911301,0.0911084318010529,0.0465523460209017,0.00540207946850032
110,Buenos Aires,2023,0.00896656633091242,0.00125458129732931,0.000383754279183083,0.0111362539862937,0.00774519453851242,0.000863447128161937
111,Buenos Aires,2023,0.0952190305223025,0.0116823658451312,0.00914368369053538,0.0937430525254445,0.0946802985534493,0.0222097789077209
112,Buenos Aires,2023,0.00801825046793115,0.00131362041720363,0.000195567084583687,0.00873778974139943,0.00637991489141876,0.000778578393342601
113,Buenos Aires,2023,0.223263811694727,0.0289254787934249,0.0357592569188775,0.385436894099501,0.249148775814625,0.0304900154700944
114,Buenos Aires,2023,0.0110440053614901,0.00140586904200726,0.000907726468067677,0.0121583687491179,0.0142431876696798,0.00244274358480001
115,Buenos Aires,2023,0.0354013322546394,0.00496297601443507,0.00228038600514563,0.0316265185276751,0.0345674046864146,0.00663821104086891
116,Buenos Aires,2023,0.00217706754536557,0.000501832518931724,4.79692848978854e-05,0.00277114868910092,0.0018929417809704,0.000118078239748641
117,Buenos Aires,2023,0.039257324771431,0.00671569988570395,0.00369732488212932,0.0486814442813694,0.0408956603479434,0.00947946868482058
118,Buenos Aires,2023,0.220758339045061,0.023331522185333,0.0331836753143603,0.323191212027007,0.190832885158765,0.0263535871338998
119,Buenos Aires,2023,0.0546038059937622,0.0069407865302248,0.00759390679383447,0.0724889693706891,0.0643341909380486,0.010176868288336
120,Buenos Aires,2023,0.00522865205386951,0.000878206908130517,0.000520282243892449,0.00985953301901152,0.00688912730033477,0.000863447128161937
121,Buenos Aires,2023,0.028445785944446,0.00413273839120243,0.00129517069224291,0.028342467484666,0.0264421458137113,0.00390396180168944
122,Buenos Aires,2023,0.280288221603336,0.0156675064366478,0.0220658710530273,0.180585907915578,0.142490915816672,0.0218223346835457
123,Buenos Aires,2023,0.0215086893592134,0.00277114868910092,0.0021143384804991,0.0304420461851965,0.024755840952301,0.00387075229676014
124,Buenos Aires,2023,0.0173132219031445,0.00633194560652087,0.00104425443277704,0.0146158721138865,0.0296450180668932,0.00276376879911663
125,Buenos Aires,2023,0.0674189849514818,0.0114794188705632,0.00760866657380305,0.114314495856653,0.0752010789399157,0.00978573411916862
126,Buenos Aires,2023,0.00549432809330395,0.00138003942706224,0.000265676039434442,0.00644633390127737,0.00524341183383809,0.000959385697957708
127,Buenos Aires,2023,0.00806621975282904,0.000774888448350456,0.000269365984426587,0.00805883986284475,0.00615113830190577,0.00056456158379819
128,Buenos Aires,2023,0.0251026957815626,0.00972300505430215,0.00751641794899943,0.101215191134538,0.0498105674489658,0.00573786446278552
129,Buenos Aires,2023,0.0913814877304717,0.0261063608194261,0.0266450927882793,0.341065305568957,0.159280165530932,0.019209853629107
130,Buenos Aires,2023,0.128351046606773,0.0232872428454273,0.033279613884156,0.402019506894201,0.206666439120059,0.024475405132898
131,Buenos Aires,2023,0.00780792360337888,0.00102211476282417,0.000701089548507556,0.00952005807973418,0.00751641794899943,0.00110698349764351
132,Buenos Aires,2023,0.0660573952493803,0.0165346435098019,0.0150697353479203,0.190884544388655,0.121148273982106,0.0123207263287723
133,Buenos Aires,2023,0.108499142549032,0.0106270415773777,0.0172984621231759,0.182969612380503,0.0965658604444354,0.0153796907272605
134,Buenos Aires,2023,0.100469822246125,0.0121436089691493,0.018368546170898,0.202223745349516,0.108089558654904,0.0144645843692085
135,Buenos Aires,2023,0.00528031128375954,0.000785958283326891,0.000258296149450152,0.00443900382555047,0.00393717130661875,0.000605150978711785
